zip,domestic_residential_occupancy,single_family_dwellings,two_unit_residential_structures,three_unit_residential_structures,four_unit_residential_structures,five_unit_residential_structures,six_to_12_unit_residential_structures,more_than_12_unit_residential_structures,combination_residential_commercial_structures,commercial_structures,industrial_structures,grand_total,year,NAME,total_population,white,black,native_american,asian,pacific_islander,other_race,two_or_more_races,pct_white,pct_black,pct_asian,pct_native_american,pct_pacific_islander,pct_other_race,pct_two_or_more_races,debt_per_capita,debt_per_1000_people,median_income,log_debt_per_capita,log_income,pct_nonwhite
60007,0,0,0,0,0,0,0,0,0,0,0,0,2022,ZCTA5 60007,32768,24757,760,82,3690,0,913,2566,0.755523681640625,0.023193359375,0.11260986328125,0.00250244140625,0,0.027862548828125,0.07830810546875,0,0,94051,0,11.451592467314862,0.244476318359375
60018,0,0,0,0,0,0,0,0,0,0,0,0,2022,ZCTA5 60018,28820,17848,618,714,2818,0,2415,4407,0.619292158223456,0.02144344205412907,0.09777931991672448,0.02477446217904233,0,0.08379597501734906,0.1529146426092991,0,0,75528,0,11.232258727412352,0.38070784177654404
60053,0,1.06,0,0,0,0,0,0,0,0,0,1.06,2022,ZCTA5 60053,24910,14091,387,155,8397,0,538,1342,0.5656764351665997,0.01553592934564431,0.3370935367322361,0.00622240064231232,0,0.02159775190686471,0.05387394620634284,4.2553191489361704e-5,0.0425531914893617,102940,4.255228612801159e-5,11.541901573206745,0.4343235648334003
60077,0,0,0,0,0,0,0,0,0,0,0,0,2022,ZCTA5 60077,29330,14480,2671,69,8468,8,1229,2405,0.4936924650528469,0.0910671667234913,0.2887146266621207,0.00235254006137061,2.727582679849983e-4,0.04190248891919536,0.08199795431299012,0,0,77826,0,11.262230844568728,0.5063075349471531
60103,0,0,0,0,0,0,0,0,0,0,0,0,2022,ZCTA5 60103,42047,28706,1592,320,6710,26,2556,2137,0.6827122030109164,0.03786239208504768,0.15958332342378767,0.00761053107237139,6.183556496301757e-4,0.06078911694056651,0.05082407781768022,0,0,127138,0,11.753028389676095,0.3172877969890836
60153,0,0,0,0,0,0,0,0,0,0,0,0,2022,ZCTA5 60153,23385,3183,14167,56,239,0,3849,1891,0.13611289288005132,0.6058156938208253,0.01022022664100919,0.00239469745563395,0,0.1645926876202694,0.08086380158221082,0,0,64767,0,11.07855149336457,0.8638871071199486
60160,0,0,0,0,0,0,0,0,0,0,0,0,2022,ZCTA5 60160,25177,9882,998,174,95,0,8524,5504,0.3925010922667514,0.03963935337808317,0.0037732851412003,0.00691106962704055,0,0.3385629741430671,0.2186122254438575,0,0,64400,0,11.072868912092446,0.6074989077332487
60171,0,0,0,0,0,0,0,0,0,0,0,0,2022,ZCTA5 60171,10532,7580,3,197,145,0,2111,496,0.7197113558678314,2.84846183061147e-4,0.0137675655146221,0.01870489935434865,0,0.2004367641473604,0.0470945689327763,0,0,72466,0,11.190872765326805,0.2802886441321686
60176,0,0,0,0,0,0,0,0,0,0,0,0,2022,ZCTA5 60176,11600,7966,148,0,753,0,2034,699,0.6867241379310345,0.01275862068965517,0.06491379310344828,0,0,0.1753448275862069,0.06025862068965517,0,0,65862,0,11.095316922915371,0.3132758620689655
60201,0,0,0,0,0,0,0,0,0,0,0,0,2022,ZCTA5 60201,43122,27997,5904,99,4533,17,933,3639,0.6492509623857892,0.13691387226937526,0.10512035619869207,0.00229581188256574,3.942303232688651e-4,0.02163628774175595,0.08438847919855294,0,0,89032,0,11.396751134653261,0.35074903761421083
60301,0,0,0,0,0,0,0,0,0,0,0,0,2022,ZCTA5 60301,3207,1686,505,104,423,0,159,330,0.5257249766136576,0.1574680386654194,0.13189897100093545,0.03242906142812597,0,0.04957904583723106,0.1028999064546305,0,0,89654,0,11.403713095996656,0.4742750233863424
60302,0,0,0,0,0,0,0,0,0,0,0,0,2022,ZCTA5 60302,33063,20959,6934,111,1576,10,746,2727,0.6339110183588906,0.20972083597979616,0.04766657593079878,0.00335722711187732,3.024528929619212e-4,0.02256298581495932,0.08247890391071591,0,0,94036,0,11.451432966657913,0.36608898164110937
60304,0,0,0,0,0,0,0,0,0,0,0,0,2022,ZCTA5 60304,17564,11313,2805,43,1179,0,435,1789,0.6441015713960373,0.1597016624914598,0.06712593942154407,0.0024481894784787,0,0.024766567979959,0.10185606923252108,0,0,130290,0,11.777518014196977,0.3558984286039627
60402,0,0,0,0,0,0,0,0,0,0,0,0,2022,ZCTA5 60402,64659,24719,5006,497,2208,0,22937,9292,0.3822979012975765,0.07742154997757467,0.03414837841599777,0.00768647829381833,0,0.35473793284770877,0.14370775916732395,0,0,71449,0,11.176739187458812,0.6177020987024235
60406,0,0,0,0,0,0,0,0,0,0,0,0,2022,ZCTA5 60406,24959,11180,8270,35,145,65,3533,1731,0.4479346127649345,0.3313434031812172,0.0058095276253055,0.00140229977162546,0.00260427100444729,0.1415521455186506,0.06935374013381947,0,0,55830,0,10.930066638304407,0.5520653872350655
60419,0,0,0,0,0,0,0,0,0,0,0,0,2022,ZCTA5 60419,21283,1056,19409,8,43,0,200,567,0.04961706526335573,0.9119485035004464,0.00202039186204952,3.758868580557253e-4,0,0.00939717145139313,0.02664098106469952,0,0,54748,0,10.910496117331157,0.9503829347366443
60456,0,0,0,0,0,0,0,0,0,0,0,0,2022,ZCTA5 60456,4299,2984,83,12,55,0,556,609,0.6941149104442894,0.01930681553849732,0.01279367294719702,0.00279134682484298,0,0.1293324028843917,0.14166085136078158,0,0,56841,0,10.948013175300472,0.3058850895557106
60459,0,0,0,0,0,0,0,0,0,0,0,0,2022,ZCTA5 60459,29122,17622,432,168,738,0,4597,5565,0.6051095391800013,0.0148341460064556,0.02534166609436165,0.00576883455806606,0,0.15785316942517685,0.19109264473593848,0,0,81060,0,11.3029449001823,0.3948904608199987
60501,0,0,0,0,0,0,0,0,0,0,0,0,2022,ZCTA5 60501,11655,4776,1060,150,429,0,3417,1823,0.4097812097812098,0.09094809094809096,0.0368082368082368,0.01287001287001287,0,0.2931788931788932,0.15641355641355642,0,0,55429,0,10.922858201478968,0.5902187902187902
60513,0,0,0,0,0,0,0,0,0,0,0,0,2022,ZCTA5 60513,19366,15730,731,67,167,0,1007,1664,0.8122482701642053,0.03774656614685531,0.00862336052876174,0.00345967158938345,0,0.0519983476195394,0.08592378395125477,0,0,98984,0,11.502713499893812,0.1877517298357947
60546,0,0,0,0,0,0,0,0,0,0,0,0,2022,ZCTA5 60546,16470,11553,752,87,386,0,1171,2521,0.7014571948998178,0.04565877352762598,0.02343655130540376,0.0052823315118397,0,0.0710989678202793,0.15306618093503338,0,0,106967,0,11.58027565466057,0.29854280510018216
60601,0,7763.06,0,0,0,0,0,172127.66,122740.78,245789.57,13534.57,561955.64,2022,ZCTA5 60601,16398,9364,1076,6,4423,0,503,1026,0.571045249420661,0.06561775826320283,0.26972801561165993,3.658982802780826e-4,0,0.03067447249664593,0.06256860592755215,34.26976704476156,34269.76704476156,121294,3.563026139314369,11.705972629570251,0.42895475057933896
60603,0,0,0,0,0,0,0,14256.49,0,177092.15,75070.6,266419.24,2022,ZCTA5 60603,1110,594,70,0,391,0,20,35,0.5351351351351351,0.06306306306306306,0.35225225225225226,0,0,0.01801801801801801,0.03153153153153153,240.0173333333333,240017.3333333333,124888,5.484868853449305,11.735172614636502,0.4648648648648649
60604,0,0,0,0,0,0,0,0,0,-271047.37,0,-271047.37,2022,ZCTA5 60604,737,546,22,0,136,0,3,30,0.7408412483039348,0.02985074626865671,0.18453188602442333,0,0,0.00407055630936227,0.0407055630936228,-367.77119402985073,-367771.1940298507,76667,NA,11.247226647053857,0.25915875169606517
60605,0,19163.01,0,0,0,0,11.64,42279.96,179708.89,153141.41,11215.36,405520.27,2022,ZCTA5 60605,34314,20359,5210,73,5434,0,795,2443,0.5933146820539721,0.15183307104971733,0.1583610188261351,0.00212741155213615,0,0.02316838608148277,0.0711954304365565,11.817924753744828,11817.924753744828,116462,2.550844562706311,11.665320318522031,0.4066853179460279
60606,0,0,0,0,0,0,0,17193.02,124439.93,469204.86,-10329.55,600508.26,2022,ZCTA5 60606,3513,2103,69,60,1169,0,21,91,0.5986336464560205,0.01964133219470538,0.3327640193566752,0.0170794192997438,0,0.00597779675491033,0.02590378593794477,170.93887275832623,170938.87275832624,133333,5.1471390227071625,11.800605037418885,0.40136635354397954
60607,0,52120.88,91269.48,28824.2,51431.36,0,34461.13,126020.49,169926.02,632272.59,48379.15,1234705.3,2022,ZCTA5 60607,28797,16000,3350,73,6577,88,989,1720,0.5556134319547175,0.11633156231551896,0.2283918463728861,0.00253498628329339,0.00305587387575094,0.03434385526270098,0.05972844393513213,42.87617807410494,42876.178074104944,119500,3.781371532117407,11.691071650353702,0.44438656804528254
60608,5320.72,1077197.42,1782261.65,995320.08,1189428.34,410.84,295179.69,126313.69,1099760.63,388243.13,274851.2,7234287.39,2022,ZCTA5 60608,82749,27555,14143,754,11715,0,18602,9980,0.3329949606641772,0.17091445213839443,0.14157270782728493,0.00911189259084701,0,0.22480029970150697,0.12060568707778946,87.42446905702788,87424.46905702788,66821,4.482148730629389,11.109772681377931,0.6670050393358228
60609,8088.12,5277483.72,10383777.67,4864161.43,3403812.5,0,139599.86,155750.53,2419217.21,2164209.71,551911.22,29368011.97,2022,ZCTA5 60609,63241,19833,14332,775,3751,54,17304,7192,0.3136098417166079,0.22662513242991095,0.05931278759032905,0.01225470817982005,8.53876440916494e-4,0.2736199617336854,0.11372369190873008,464.382472921048,464382.472921048,47209,6.14285958991203,10.762339831363015,0.6863901582833921
60610,-10307.35,99902.62,4733.9,33853.66,19355.2,0,25815.16,350471.58,211138.86,175318.44,43015.2,953297.27,2022,ZCTA5 60610,42904,30791,4682,429,4339,8,389,2266,0.7176720119336193,0.10912735409285848,0.10113276151407792,0.00999906768599664,1.8646280067126608e-4,0.00906675368264031,0.05281558829013612,22.219309854559015,22219.309854559015,106277,3.144984253802155,11.573804172151302,0.2823279880663807
60611,0,11424.28,596.94,-846.97,1088.47,0,19846.78,472664.58,195143.45,883659.18,22817.99,1606394.7,2022,ZCTA5 60611,35247,23195,1254,29,8400,0,838,1531,0.6580701903708117,0.03557749595710273,0.2383181547365733,8.227650580191222e-4,0,0.02377507305586291,0.04343632082163021,45.57535960507277,45575.35960507277,126812,3.841071637447062,11.750460953731418,0.3419298096291883
60612,6169.78,1255290.09,3130088.08,1998222.6,619518.85,504.74,276807.55,71651.72,1026021.7,-222939.97,81485.02,8242820.16,2022,ZCTA5 60612,34459,9350,19116,208,1454,13,2087,2231,0.2713369511593488,0.5547462201456804,0.04219507240488696,0.00603615891349139,3.772599320932122e-4,0.06056472909834876,0.06474360834615049,239.20659798601235,239206.59798601235,58858,5.481499377986411,10.982883042277106,0.7286630488406511
60613,0,122127.42,203457.11,186696.66,126469.83,970.38,45839.96,170235.37,94114.26,65579.17,14869.34,1030359.5,2022,ZCTA5 60613,51961,38932,3273,214,4363,7,1661,3511,0.7492542483785917,0.06298954985469872,0.0839668212697985,0.00411847347048748,1.347164219318335e-4,0.03196628240411078,0.06756990820038106,19.829477877638997,19829.477877639,92238,3.0363691890748568,11.432127472140655,0.25074575162140833
60614,1963.14,535845.55,216228.18,425810.64,253113.96,6208.88,152148.45,310924.78,380021.16,229068.04,123803.22,2635136,2022,ZCTA5 60614,71701,59085,2664,32,4815,7,1535,3563,0.8240470844200221,0.03715429352449757,0.06715387512029121,4.462978201140849e-4,9.762764814995606e-5,0.02140834855859751,0.04969247290832764,36.75173289075466,36751.73289075466,135364,3.6310313790323114,11.815722725230856,0.17595291557997794
60615,7331.46,814401.41,384274.88,712972.12,611450.56,0,552571.43,1322192.07,170198.16,272842.61,-1832.95,4846401.75,2022,ZCTA5 60615,42780,12515,23118,50,3545,0,634,2918,0.2925432445067789,0.5403927068723703,0.08286582515194016,0.00116877045348293,0,0.01482000935016362,0.06820944366526414,113.28662342215988,113286.62342215989,56518,4.738709533524872,10.9423144504682,0.7074567554932212
60616,2323.95,296745.52,306499.92,229301.14,303317.55,-1.59,40319.64,335227.64,474802.58,417394.79,43515.78,2449446.92,2022,ZCTA5 60616,52707,16764,13206,546,18720,61,1222,2188,0.3180602197051625,0.25055495474984346,0.35517103989982357,0.01035915533041152,0.0011573415295881,0.02318477621568292,0.04151251256948792,46.47289582028952,46472.89582028952,72326,3.8601589338685987,11.188938956226457,0.6819397802948375
60617,5961.09,19693068.1,9022994.5,3254915.17,2286010.71,0,473964.86,351648.35,2195709.64,2259242.46,101794.72,39645309.6,2022,ZCTA5 60617,83188,17654,45463,895,330,20,12604,6222,0.21221810838101648,0.5465091118911382,0.00396691830552483,0.01075876328316584,2.404192912439294e-4,0.15151223734192432,0.07479444150598644,476.5748617589075,476574.8617589075,51203,6.168720926184998,10.843553403061053,0.7877818916189835
60618,85.2,1187479.46,2735624.02,1054693.87,468695.37,1271.56,153907.03,102756,713260.29,472433.27,459865.14,7350071.21,2022,ZCTA5 60618,92235,56478,2621,338,6553,159,13300,12786,0.6123272076760449,0.02841654469561446,0.07104678267468965,0.0036645525017618,0.00172385753781102,0.1441968883829349,0.1386241665311433,79.68852615601453,79688.52615601453,100976,4.390596386183803,11.52263814382402,0.38767279232395513
60619,3444,17311562.21,9713019.41,2846072.69,1762188.04,3984.48,1406710.48,2084158.89,2087703.98,1729710.84,234556.92,39183111.94,2022,ZCTA5 60619,60443,827,56610,174,145,1,1023,1663,0.01368231226113859,0.9365848816240094,0.00239895438677762,0.00287874526413315,1.6544513012259483e-5,0.01692503681154145,0.02751352513938752,648.26550535215,648265.50535215,42802,6.475841732201701,10.664340109450086,0.9863176877388614
60620,3327.01,18450071.76,9043096.95,2218427.1,1709294.15,0,1448419.18,1188562.84,1827180.49,2210107.5,288088.49,38386575.47,2022,ZCTA5 60620,68330,1210,64102,196,502,0,1154,1166,0.01770818088687253,0.9381238109176058,0.00734669983901653,0.0028684326064686,0,0.01688862871359578,0.0170642470364408,561.7821669837552,561782.1669837552,46472,6.332892638497552,10.746605259672368,0.9822918191131275
60621,10729.98,8797247.82,21118813.03,5317631.34,3418773.8,0,1287507.82,1365608.72,1636111.88,1564716.41,40205.95,44557346.75,2022,ZCTA5 60621,26997,742,24980,29,167,0,522,557,0.02748453531873912,0.9252879949624032,0.00618587250435233,0.0010741934288995,0,0.01933548172019113,0.02063192206541467,1650.455485794718,1650455.485794718,30163,7.409412290664809,10.314371286671152,0.9725154646812609
60622,448.17,311868.38,802433.16,805760.42,601477,289.78,107600.22,35561.62,577288.39,398791.56,28696.46,3670215.16,2022,ZCTA5 60622,53944,39242,3341,72,2779,21,2758,5731,0.7274581047011716,0.06193459884324485,0.05151638736467447,0.00133471748479905,3.892925997330565e-4,0.05112709476494142,0.10623980424143556,68.03750481981314,68037.50481981314,119134,4.234649905041725,11.688004188994599,0.27254189529882844
60623,569.45,3668410.16,10179996.72,8365087.09,3011835.29,0,800469.48,966694.4,2667642.22,1896542,133170.43,31690417.24,2022,ZCTA5 60623,76611,19306,20720,919,471,32,21356,13807,0.25200036548276356,0.27045724504314,0.00614794220151153,0.0119956664186605,4.176945869392124e-4,0.27875892495855686,0.1802221613084283,413.6536168435342,413653.6168435342,37814,6.0274435135012405,10.540434683407874,0.7479996345172364
60624,3240.54,2440772.84,9386212.79,5123828.79,2141755.37,0,900768.2,1272770.92,662527.88,870684.92,148579.58,22951141.83,2022,ZCTA5 60624,35664,1950,30775,9,235,0,2076,619,0.05467698519515478,0.8629149842978915,0.00658927770300583,2.5235531628532975e-4,0,0.05820995962314939,0.01735643786451323,643.538072846568,643538.072846568,31768,6.468533894096953,10.366214772811087,0.9453230148048453
60625,796.54,805611.11,1350789.45,581316.15,282382.14,0,120476.8,605934.87,453779.45,408485.51,7398.51,4616970.53,2022,ZCTA5 60625,80296,43243,3571,827,11648,1,8834,12172,0.538544883929461,0.04447295008468666,0.14506326591611038,0.01029939224867988,1.2453920494171563e-5,0.1100179336455116,0.1515891202550563,57.49938390455315,57499.38390455316,83527,4.069016222636254,11.33292521186495,0.461455116070539
60626,640.08,398710.49,370128.41,98996.77,57053.12,0,102307.05,526243.27,333401.18,203952.54,14235.85,2105668.76,2022,ZCTA5 60626,50135,25725,12057,418,3157,0,4167,4611,0.5131145906053655,0.24049067517702205,0.06296998105116186,0.0083374887802932,0,0.08311558791263589,0.09197167647352147,41.99997526677969,41999.97526677969,56145,3.761199540502227,10.935692909006638,0.48688540939463454
60628,3171.26,34543744.14,16260705.11,2397076.97,1771335.56,0,831181.09,684189.33,2308741.74,2666432.39,1215893.1,62682470.69,2022,ZCTA5 60628,61419,2458,56319,56,60,0,1157,1369,0.0400201891922695,0.9169638059883748,9.768964001367654e-4,9.117699734609812e-4,0,0.01883781891597063,0.0222895195297872,1020.571332812322,1020571.3328123218,48601,6.929097243256014,10.791399385808587,0.9599798108077305
60629,980.29,12153599.44,6359288.57,1445458.06,1145889.18,0,1228422.08,192512.49,1095909.03,620948.13,690339.11,24933346.38,2022,ZCTA5 60629,108997,35471,18584,2514,924,208,32331,18965,0.3254309751644541,0.17050010550749103,0.00847729754029927,0.02306485499600906,0.00190830940301109,0.29662284283053664,0.17399561455819884,228.75259300714697,228752.59300714696,53318,5.437003047383846,10.884029264211806,0.6745690248355459
60630,487.4,2220636.07,1414636.67,281582.27,162768.33,0,98388.83,27837.29,134122.93,327454.32,26133.82,4694047.93,2022,ZCTA5 60630,55295,35013,1209,237,7188,44,5853,5751,0.6332037254724658,0.02186454471471199,0.1299936703137716,0.00428610181752418,7.957319830002713e-4,0.10585043855683154,0.10400578714169456,84.8910015372095,84891.00153720951,91135,4.453079068406498,11.420097202659035,0.36679627452753416
60631,238.63,1469124.94,121681.72,14556.22,12702.38,0,51333.51,10516.03,19988.94,-37057.05,4626.58,1667711.9,2022,ZCTA5 60631,30418,24585,406,26,1303,0,1529,2569,0.8082385429679795,0.01334736011572095,0.04283647840094681,8.547570517456769e-4,0,0.05026628969689,0.08445657176671707,54.8264810309685,54826.481030968505,112974,4.0222483272617895,11.634912982724483,0.19176145703202052
60632,665.62,3663295.92,4543847.81,1145845.19,389300.79,0,57446.79,23478.12,886445.68,765035.23,86979.88,11562341.03,2022,ZCTA5 60632,86372,33023,1310,1350,6011,128,27783,16767,0.3823345528643542,0.01516695225304496,0.06959431297179641,0.01563006529893947,0.0014819617468624,0.3216667438521743,0.19412541101282824,133.86677430185708,133866.77430185708,53966,4.904287434151157,10.896109497616806,0.6176654471356458
60633,0,1079923.14,264025.6,11889.94,15506.44,0,19773.01,0,140712.36,163920.09,-269964.95,1425785.63,2022,ZCTA5 60633,12440,5143,3879,15,68,0,2414,921,0.4134244372990354,0.3118167202572347,0.00546623794212218,0.00120578778135048,0,0.19405144694533763,0.07403536977491962,114.6129927652733,114612.9927652733,54956,4.75024834408579,10.914288144043839,0.5865755627009646
60634,1198.96,4847691.31,1217732.89,301038.17,80518.17,0,103103.14,22583.02,260644.09,457246.11,6460.04,7298215.9,2022,ZCTA5 60634,75873,45878,2308,1072,4441,27,13623,8524,0.6046683273364701,0.03041925322578519,0.05853202061339343,0.01412887324871825,3.558578150330157e-4,0.17955003756276935,0.1123456301978306,96.18989495604498,96189.89495604498,82771,4.576666744704475,11.323833037478561,0.39533167266352987
60636,110044.64,17055570.02,16560060.57,3563833.76,1644530.6,0,577357.57,335833.77,1890483.74,981627.08,97136.87,42816478.62,2022,ZCTA5 60636,29833,1346,23494,279,84,65,2879,1686,0.0451178225455033,0.7875171789628934,0.00281567391814433,0.00935205979955083,0.00217879529380216,0.09650387155163744,0.05651459792846847,1435.2052632990312,1435205.2632990312,30451,7.2697596804091145,10.323874113321294,0.9548821774544967
60637,65.7,3187762.31,5554990.7,3370477.87,2581761.58,513.06,952827.9,1830997.77,898662.06,1810581.65,26676.38,20215316.98,2022,ZCTA5 60637,51145,8215,37004,232,2628,0,1332,1734,0.16062176165803108,0.7235115847101379,0.05138332192785219,0.00453612278815133,0,0.02604360152507576,0.03390360739075179,395.2550000977613,395255.0000977613,37247,5.982057943655123,10.525326683651683,0.8393782383419689
60638,4212.05,4498812.89,466644.67,143318.13,58319.58,0,92338.52,-4728.19,62545.97,162128.33,110096.59,5593688.54,2022,ZCTA5 60638,57799,34821,1411,1042,468,41,10348,9668,0.6024498693749026,0.02441218706205989,0.00809702590010207,0.01802799356390249,7.093548331286009e-4,0.1790342393467015,0.16726932991920276,96.778292704026,96778.292704026,85374,4.582702596413341,11.354796883773746,0.39755013062509736
60639,36358.49,3714968.81,5512715.72,1252482.43,407049.39,0,221942.98,53882.92,1390303.35,1132521.09,321230.98,14043456.16,2022,ZCTA5 60639,85248,27485,12212,893,1652,11,28831,14164,0.322412256006006,0.14325262762762764,0.01937875375375375,0.01047531906906906,1.2903528528528528e-4,0.3382014827327327,0.16615052552552553,164.73648836336338,164736.48836336337,54969,5.110399107573432,10.914524668948285,0.677587743993994
60640,561.05,149324.56,274609.83,113899.3,214421.49,501.96,77503.93,1178008.56,233287.43,248297.82,2482.86,2492898.79,2022,ZCTA5 60640,67317,41036,11998,218,6387,17,2554,5107,0.6095934162247277,0.17823135315002153,0.09487945095592495,0.00323840931711157,2.5253650638026057e-4,0.0379398963114815,0.07586493753435239,37.032232422716405,37032.232422716406,69397,3.6384340218401303,11.147598917894847,0.39040658377527226
60641,3698.06,2363040.32,2340864.72,398180.37,248203.4,0,60553.34,295542.02,397967.75,423362.26,290841.79,6822254.03,2022,ZCTA5 60641,68968,35157,2149,595,3697,27,15902,11441,0.5097581487066466,0.03115937826238255,0.05360457023547152,0.00862718942118083,3.914859065073657e-4,0.2305706994548196,0.16588852801299153,98.91912234659551,98919.12234659553,79884,4.604361082217853,11.288330861388705,0.4902418512933534
60642,0,103393.87,80443.44,148478.61,201360.28,2420.37,141074.02,65690.23,362063.81,302135.78,70007.17,1477067.58,2022,ZCTA5 60642,21444,14913,2117,18,1540,0,974,1882,0.6954392837157247,0.09872225331094946,0.07181495989554187,8.393956351426973e-4,0,0.04542063047938817,0.08776347696325312,68.88022663682149,68880.22663682149,137853,4.246782728489296,11.833943179000773,0.3045607162842753
60643,12191.61,16558077.66,2124125.41,646768.25,355972.36,0,263866.57,268555.8,550772.07,427821.35,6433.85,21214584.93,2022,ZCTA5 60643,48270,11188,33996,61,315,23,320,2367,0.2317795732338927,0.7042883778744562,0.00652579241765071,0.00126372488087839,4.7648643049512e-4,0.00662937642428009,0.0490366687383468,439.49834120571785,439498.3412057178,80461,6.087906679661352,11.295527873962465,0.7682204267661072
60644,6974.31,5007883.92,8248246.49,2200677.47,1428265.67,0,778565.89,1400871.88,1478901.34,526105.38,93289.72,21169782.07,2022,ZCTA5 60644,49445,2886,40643,372,432,21,2188,2903,0.05836788350692689,0.8219840226514309,0.00873698048336535,0.00752351097178683,4.2471432905248255e-4,0.04425118818889675,0.0587116998685408,428.1480851451107,428148.08514511073,34177,6.061802046183193,10.439308182191418,0.9416321164930731
60645,0,948554.67,397607.04,319772.6,225807.58,200.76,80851.76,699871.3,91223.44,103427.51,16076.73,2883393.39,2022,ZCTA5 60645,48692,23234,6892,137,6903,2,5744,5780,0.4771625729072538,0.14154275856403517,0.14176866836441304,0.00281360387743366,4.1074509159615545e-5,0.11796599030641584,0.11870533147128892,59.21698410416496,59216.98410416496,73726,4.097954440500324,11.208110797511461,0.5228374270927463
60646,14163.11,1431280.16,289871.23,21842.36,21757.1,0,27405.31,56514.77,37804.98,149811.88,-1019.1,2049431.8,2022,ZCTA5 60646,28770,22446,190,13,3503,0,992,1626,0.7801876955161626,0.00660410149461244,0.12175877650330204,4.518595759471672e-4,0,0.03448036148766076,0.05651720542231491,71.23502954466458,71235.02954466459,112283,4.279925101988869,11.628777749035867,0.21981230448383737
60647,1706.73,1026235.57,2822357.07,1019541.5,690389.34,1719.04,198140.62,135318.51,1007661.65,411536,300023.27,7614629.3,2022,ZCTA5 60647,85685,53954,5499,571,3924,78,7202,14457,0.6296784734784384,0.0641769271167649,0.04579564684600572,0.00666394351403396,9.103110229328352e-4,0.08405205111746514,0.16872264690435898,88.86770496586334,88867.70496586333,97550,4.498338644077742,11.488120346051257,0.3703215265215616
60649,5101.03,6044790.31,2493710.02,1963173.69,1212269.55,657.2,1237686.02,4111966.36,875770.75,1106562.06,62.76,19051749.75,2022,ZCTA5 60649,50143,1983,46471,0,240,27,581,841,0.03954689587778952,0.9267694394033066,0.00478631115011068,0,5.384600043874519e-4,0.01158686157589294,0.01677203198851285,379.94834273976426,379948.34273976425,39862,5.942663782574248,10.593178768122684,0.9604531041222105
60651,26708.07,4938618.77,8741611.09,2455108.85,1302334.58,0,878382.1,266827.76,1452842.44,1173429.7,89272.25,21325135.61,2022,ZCTA5 60651,65229,11569,35502,756,744,0,9871,6787,0.17735976329546674,0.5442671204525594,0.01140596973738674,0.01158993699121556,0,0.15132839687868893,0.10404881264468258,326.92721964157045,326927.21964157047,48532,5.7927916924259435,10.789978653171763,0.8226402367045332
60652,38.59,8603631.77,167347.06,84977.28,13041.27,0,118429.27,16776.62,111326.01,270840.1,-2153.75,9384254.22,2022,ZCTA5 60652,42223,11203,17581,695,436,0,7799,4509,0.2653293228808943,0.41638443502356537,0.01032612557137105,0.0164602231011534,0,0.18470975534661205,0.10679013807640386,222.2545584160292,222254.5584160292,76300,5.4083126379850155,11.242428217272549,0.7346706771191057
60653,0,1138174.99,555576.21,1052991.36,511974.73,91.64,345337.16,844183.88,685572.43,443065.35,1319.44,5578287.19,2022,ZCTA5 60653,34364,2359,29282,278,473,7,510,1455,0.06864742172040507,0.852112676056338,0.01376440460947503,0.00808986148294727,2.037015481317658e-4,0.01484111279245722,0.0423408217902456,162.3293909323711,162329.39093237108,35136,5.095768964996509,10.466981524869203,0.931352578279595
60654,0,3378.71,2446.02,244.43,0,0,23612.6,147237.41,322800.3,478523.02,39698.18,1017940.67,2022,ZCTA5 60654,23475,17023,964,34,2282,0,910,2262,0.7251544195953141,0.04106496272630458,0.097209797657082,0.00144834930777422,0,0.03876464323748668,0.09635782747603834,43.362754845580405,43362.754845580406,138279,3.7924002625733118,11.837028662305622,0.2748455804046859
60655,52.44,2495901.25,94748.47,35657.73,15333.2,0,3821.05,35317.81,24812.77,38735.43,0,2744380.15,2022,ZCTA5 60655,28000,24043,1390,25,274,0,644,1624,0.8586785714285714,0.04964285714285714,0.00978571428571428,8.928571428571428e-4,0,0.023,0.058,98.01357678571428,98013.57678571428,115324,4.595256979981502,11.655500837241668,0.1413214285714286
60656,54.38,1201657.99,94955.03,28848.11,5780.05,0,56107.47,314308.6,3266.66,43989.62,7925.82,1756893.73,2022,ZCTA5 60656,29180,21539,1191,130,3346,0,827,2147,0.7381425633995887,0.04081562714187799,0.11466758053461276,0.00445510623714873,0,0.02834132967786155,0.07357779300891021,60.20883241946539,60208.83241946539,82992,4.114291499684567,11.32649949659118,0.2618574366004113
60657,0,256394.31,247035.34,317943.57,232332.87,345.78,54859.96,118610.82,346968.69,367049.88,30491.22,1972032.44,2022,ZCTA5 60657,71192,57548,2720,68,4711,88,1529,4528,0.8083492527250253,0.03820654006068098,0.0661731655242162,9.551635015170244e-4,0.00123609394313967,0.02147713226205191,0.06360265198336892,27.700197213170014,27700.197213170017,105428,3.3569039942809913,11.565783534458408,0.19165074727497466
60659,531.01,818785.55,585769.8,403126.45,121165.01,0,210808.24,235401.34,119293.3,251139.37,16088.96,2762109.03,2022,ZCTA5 60659,42621,19216,3609,794,11547,15,2625,4815,0.4508575584805613,0.08467656788906877,0.270922784542831,0.01862931418784167,3.5193918490884773e-4,0.06158935735904836,0.11297247835574012,64.80629337650454,64806.29337650454,64202,4.1867154777775,11.069789641840794,0.5491424415194387
60660,4.74,218378.85,248401.01,66564.62,165851.7,223.1,105464.81,426009.32,78298.04,209567.58,1470.24,1520234.01,2022,ZCTA5 60660,42895,23107,6252,95,6525,108,1975,4833,0.5386874927147686,0.1457512530597972,0.15211563119244667,0.00221471033920037,0.00251777596456463,0.04604266231495512,0.1126704744142674,35.44082084158993,35440.820841589935,63596,3.5956895979775148,11.0603058542686,0.46131250728523143
60661,0,0,0,546.5,-26,0,9904.62,45111.62,30818.8,89834.4,448599.95,624789.89,2022,ZCTA5 60661,11513,7199,467,0,2896,0,193,758,0.6252931468774429,0.04056284200469035,0.25154173542951447,0,0,0.01676365847303048,0.0658386172153218,54.268208981151744,54268.20898115174,139748,4.012197860419665,11.847596079644813,0.37470685312255714
60706,0,0,0,0,0,0,0,0,0,0,0,0,2022,ZCTA5 60706,24233,19410,206,76,2042,0,1517,982,0.8009738785953039,0.00850080468782239,0.0842652581190938,0.00313621920521602,0,0.06260058597779887,0.04052325341476499,0,0,81678,0,11.310539966740528,0.1990261214046961
60707,234.2,1456915.79,347140.77,107162.44,70657.38,0,32367.15,12533.42,36554.25,176484.09,74384.29,2314433.78,2022,ZCTA5 60707,40845,25213,2909,198,1395,0,6748,4382,0.6172848573876851,0.0712204676214959,0.03415350716121924,0.00484759456481821,0,0.16520994001713796,0.10728363324764352,56.66382127555392,56663.82127555392,76343,4.054629962569893,11.242991623404993,0.3827151426123149
60712,0,0,0,0,0,0,0,0,0,0,0,0,2022,ZCTA5 60712,13268,8924,466,7,3046,0,155,670,0.6725957190232138,0.03512209828157974,0.22957491709375943,5.275851673198674e-4,0,0.0116822429906542,0.05049743744347301,0,0,99390,0,11.506806783962052,0.3274042809767862
60714,0,0,0,0,0,0,0,0,0,0,0,0,2022,ZCTA5 60714,30857,20476,641,198,6627,20,888,2007,0.6635771461904916,0.02077324432057556,0.21476488317075543,0.00641669637359432,6.481511488479113e-4,0.02877791100884726,0.06504196778688791,0,0,76052,0,11.239172595829476,0.3364228538095084
60803,0,0,0,0,0,0,0,0,0,0,0,0,2022,ZCTA5 60803,22198,13740,4606,195,356,0,1575,1726,0.6189746824038201,0.20749617082620056,0.016037480854131,0.00878457518695378,0,0.07095233804847284,0.07775475268042166,0,0,62992,0,11.050763013183518,0.38102531759617986
60804,0,0,0,0,0,0,0,0,0,0,183.27,183.27,2022,ZCTA5 60804,84189,20624,3045,1008,463,7,47596,11446,0.2449726211262754,0.03616862060364181,0.00549953081756524,0.01197306061361935,8.314625426124553e-5,0.5653470168311775,0.13595600375345948,0.00217688771692263,2.176887716922639,64325,0.0021745217298931156,11.071703637149945,0.7550273788737246
60805,0,0,0,0,0,0,0,0,0,0,0,0,2022,ZCTA5 60805,19730,12317,4551,33,468,0,664,1697,0.6242777496198683,0.2306639635073492,0.02372022301064369,0.00167257982767359,0,0.03365433350228079,0.08601115053218449,0,0,92266,0,11.432430988597913,0.37572225038013174
60827,0,1958379.89,448694.16,0,3315.5,0,0,8727.36,13107.55,131967.69,-116.78,2564075.37,2022,ZCTA5 60827,25538,939,22894,25,15,0,697,968,0.03676873678439971,0.8964680084579841,5.87360012530347e-4,9.78933354217245e-4,0,0.02729266191557678,0.03790429947529172,100.40235609679694,100402.35609679694,35835,4.619096326555748,10.48668034842802,0.9632312632156003
60007,0,0,0,0,0,0,0,0,0,0,0,0,2023,ZCTA5 60007,32768,24757,760,82,3690,0,913,2566,0.755523681640625,0.023193359375,0.11260986328125,0.00250244140625,0,0.027862548828125,0.07830810546875,0,0,94051,0,11.451592467314862,0.244476318359375
60018,0,0,0,0,0,0,0,0,0,0,0,0,2023,ZCTA5 60018,28820,17848,618,714,2818,0,2415,4407,0.619292158223456,0.02144344205412907,0.09777931991672448,0.02477446217904233,0,0.08379597501734906,0.1529146426092991,0,0,75528,0,11.232258727412352,0.38070784177654404
60053,0,0,0,0,0,0,0,0,0,0,0,0,2023,ZCTA5 60053,24910,14091,387,155,8397,0,538,1342,0.5656764351665997,0.01553592934564431,0.3370935367322361,0.00622240064231232,0,0.02159775190686471,0.05387394620634284,0,0,102940,0,11.541901573206745,0.4343235648334003
60077,0,0,0,0,0,0,0,0,0,0,0,0,2023,ZCTA5 60077,29330,14480,2671,69,8468,8,1229,2405,0.4936924650528469,0.0910671667234913,0.2887146266621207,0.00235254006137061,2.727582679849983e-4,0.04190248891919536,0.08199795431299012,0,0,77826,0,11.262230844568728,0.5063075349471531
60103,0,0,0,0,0,0,0,0,0,0,0,0,2023,ZCTA5 60103,42047,28706,1592,320,6710,26,2556,2137,0.6827122030109164,0.03786239208504768,0.15958332342378767,0.00761053107237139,6.183556496301757e-4,0.06078911694056651,0.05082407781768022,0,0,127138,0,11.753028389676095,0.3172877969890836
60153,0,0,0,0,0,0,0,0,0,0,0,0,2023,ZCTA5 60153,23385,3183,14167,56,239,0,3849,1891,0.13611289288005132,0.6058156938208253,0.01022022664100919,0.00239469745563395,0,0.1645926876202694,0.08086380158221082,0,0,64767,0,11.07855149336457,0.8638871071199486
60160,0,0,0,0,0,0,0,0,0,0,0,0,2023,ZCTA5 60160,25177,9882,998,174,95,0,8524,5504,0.3925010922667514,0.03963935337808317,0.0037732851412003,0.00691106962704055,0,0.3385629741430671,0.2186122254438575,0,0,64400,0,11.072868912092446,0.6074989077332487
60171,0,0,0,0,0,0,0,0,0,0,0,0,2023,ZCTA5 60171,10532,7580,3,197,145,0,2111,496,0.7197113558678314,2.84846183061147e-4,0.0137675655146221,0.01870489935434865,0,0.2004367641473604,0.0470945689327763,0,0,72466,0,11.190872765326805,0.2802886441321686
60176,0,0,0,0,0,0,0,0,0,0,0,0,2023,ZCTA5 60176,11600,7966,148,0,753,0,2034,699,0.6867241379310345,0.01275862068965517,0.06491379310344828,0,0,0.1753448275862069,0.06025862068965517,0,0,65862,0,11.095316922915371,0.3132758620689655
60201,0,0,0,0,0,0,0,0,0,0,0,0,2023,ZCTA5 60201,43122,27997,5904,99,4533,17,933,3639,0.6492509623857892,0.13691387226937526,0.10512035619869207,0.00229581188256574,3.942303232688651e-4,0.02163628774175595,0.08438847919855294,0,0,89032,0,11.396751134653261,0.35074903761421083
60301,0,0,0,0,0,0,0,0,0,0,0,0,2023,ZCTA5 60301,3207,1686,505,104,423,0,159,330,0.5257249766136576,0.1574680386654194,0.13189897100093545,0.03242906142812597,0,0.04957904583723106,0.1028999064546305,0,0,89654,0,11.403713095996656,0.4742750233863424
60302,0,0,0,0,0,0,0,0,0,0,0,0,2023,ZCTA5 60302,33063,20959,6934,111,1576,10,746,2727,0.6339110183588906,0.20972083597979616,0.04766657593079878,0.00335722711187732,3.024528929619212e-4,0.02256298581495932,0.08247890391071591,0,0,94036,0,11.451432966657913,0.36608898164110937
60304,0,0,0,0,0,0,0,0,0,0,0,0,2023,ZCTA5 60304,17564,11313,2805,43,1179,0,435,1789,0.6441015713960373,0.1597016624914598,0.06712593942154407,0.0024481894784787,0,0.024766567979959,0.10185606923252108,0,0,130290,0,11.777518014196977,0.3558984286039627
60402,0,0,0,0,0,0,0,0,0,0,0,0,2023,ZCTA5 60402,64659,24719,5006,497,2208,0,22937,9292,0.3822979012975765,0.07742154997757467,0.03414837841599777,0.00768647829381833,0,0.35473793284770877,0.14370775916732395,0,0,71449,0,11.176739187458812,0.6177020987024235
60406,0,0,0,0,0,0,0,0,0,0,0,0,2023,ZCTA5 60406,24959,11180,8270,35,145,65,3533,1731,0.4479346127649345,0.3313434031812172,0.0058095276253055,0.00140229977162546,0.00260427100444729,0.1415521455186506,0.06935374013381947,0,0,55830,0,10.930066638304407,0.5520653872350655
60419,0,0,0,0,0,0,0,0,0,0,0,0,2023,ZCTA5 60419,21283,1056,19409,8,43,0,200,567,0.04961706526335573,0.9119485035004464,0.00202039186204952,3.758868580557253e-4,0,0.00939717145139313,0.02664098106469952,0,0,54748,0,10.910496117331157,0.9503829347366443
60456,0,0,0,0,0,0,0,0,0,0,0,0,2023,ZCTA5 60456,4299,2984,83,12,55,0,556,609,0.6941149104442894,0.01930681553849732,0.01279367294719702,0.00279134682484298,0,0.1293324028843917,0.14166085136078158,0,0,56841,0,10.948013175300472,0.3058850895557106
60459,0,0,0,0,0,0,0,0,0,0,0,0,2023,ZCTA5 60459,29122,17622,432,168,738,0,4597,5565,0.6051095391800013,0.0148341460064556,0.02534166609436165,0.00576883455806606,0,0.15785316942517685,0.19109264473593848,0,0,81060,0,11.3029449001823,0.3948904608199987
60501,0,0,0,0,0,0,0,0,0,0,0,0,2023,ZCTA5 60501,11655,4776,1060,150,429,0,3417,1823,0.4097812097812098,0.09094809094809096,0.0368082368082368,0.01287001287001287,0,0.2931788931788932,0.15641355641355642,0,0,55429,0,10.922858201478968,0.5902187902187902
60513,0,0,0,0,0,0,0,0,0,0,0,0,2023,ZCTA5 60513,19366,15730,731,67,167,0,1007,1664,0.8122482701642053,0.03774656614685531,0.00862336052876174,0.00345967158938345,0,0.0519983476195394,0.08592378395125477,0,0,98984,0,11.502713499893812,0.1877517298357947
60546,0,0,0,0,0,0,0,0,0,0,0,0,2023,ZCTA5 60546,16470,11553,752,87,386,0,1171,2521,0.7014571948998178,0.04565877352762598,0.02343655130540376,0.0052823315118397,0,0.0710989678202793,0.15306618093503338,0,0,106967,0,11.58027565466057,0.29854280510018216
60601,0,0,0,0,0,0,0,6576.56,-16.76,-114021.33,3046.66,-104414.87,2023,ZCTA5 60601,16398,9364,1076,6,4423,0,503,1026,0.571045249420661,0.06561775826320283,0.26972801561165993,3.658982802780826e-4,0,0.03067447249664593,0.06256860592755215,-6.367536894743261,-6367.536894743261,121294,NA,11.705972629570251,0.42895475057933896
60602,0,0,0,0,0,0,0,0,0,715832.68,0,715832.68,2023,ZCTA5 60602,938,433,32,247,226,0,0,0,0.4616204690831556,0.03411513859275053,0.24093816631130063,0.26332622601279315,0,0,0,763.1478464818764,763147.8464818764,167617,6.6387612867821835,12.029436893867151,0.5383795309168444
60603,0,0,0,0,0,0,0,22024.22,0,95018.18,78365.8,195408.2,2023,ZCTA5 60603,1110,594,70,0,391,0,20,35,0.5351351351351351,0.06306306306306306,0.35225225225225226,0,0,0.01801801801801801,0.03153153153153153,176.04342342342343,176043.42342342343,124888,5.176395032561166,11.735172614636502,0.4648648648648649
60604,0,0,0,0,0,0,0,0,0,115993.95,0,115993.95,2023,ZCTA5 60604,737,546,22,0,136,0,3,30,0.7408412483039348,0.02985074626865671,0.18453188602442333,0,0,0.00407055630936227,0.0407055630936228,157.38663500678425,157386.63500678426,76667,5.065039100863388,11.247226647053857,0.25915875169606517
60605,0,13197.67,0,0,0,0,1.26,14135.24,62256.91,295517.28,822.48,385930.84,2023,ZCTA5 60605,34314,20359,5210,73,5434,0,795,2443,0.5933146820539721,0.15183307104971733,0.1583610188261351,0.00212741155213615,0,0.02316838608148277,0.0711954304365565,11.24703736084397,11247.037360843971,116462,2.5052840596464,11.665320318522031,0.4066853179460279
60606,0,0,0,0,0,0,0,4802.08,45583.97,747971.16,-10097.79,788259.42,2023,ZCTA5 60606,3513,2103,69,60,1169,0,21,91,0.5986336464560205,0.01964133219470538,0.3327640193566752,0.0170794192997438,0,0.00597779675491033,0.02590378593794477,224.38355251921436,224383.55251921437,133333,5.4178036287534015,11.800605037418885,0.40136635354397954
60607,0,50643.2,76925.07,43429.69,43599.36,0.1,35640.01,762.27,62362.69,503789.81,175050.17,992202.37,2023,ZCTA5 60607,28797,16000,3350,73,6577,88,989,1720,0.5556134319547175,0.11633156231551896,0.2283918463728861,0.00253498628329339,0.00305587387575094,0.03434385526270098,0.05972844393513213,34.455060249331524,34455.060249331524,119500,3.56826598607285,11.691071650353702,0.44438656804528254
60608,3644.37,845666.26,1731066.56,937421.9,1170104.72,365.4,313577.75,51839.11,1032665.75,369219.99,202290.76,6657862.57,2023,ZCTA5 60608,82749,27555,14143,754,11715,0,18602,9980,0.3329949606641772,0.17091445213839443,0.14157270782728493,0.00911189259084701,0,0.22480029970150697,0.12060568707778946,80.45852602448369,80458.52602448368,66821,4.400094007586681,11.109772681377931,0.6670050393358228
60609,5321.5,5452590.75,10620613.35,4636244.96,3515543.55,0,137542.42,175121.1,2650068.27,1921180.78,253872.07,29368098.75,2023,ZCTA5 60609,63241,19833,14332,775,3751,54,17304,7192,0.3136098417166079,0.22662513242991095,0.05931278759032905,0.01225470817982005,8.53876440916494e-4,0.2736199617336854,0.11372369190873008,464.38384513211366,464383.84513211367,47209,6.142862538473961,10.762339831363015,0.6863901582833921
60610,20.62,92721.84,625.02,20221.28,19773.35,0,15484.25,50469.24,91617.77,83910.54,3849.84,378693.75,2023,ZCTA5 60610,42904,30791,4682,429,4339,8,389,2266,0.7176720119336193,0.10912735409285848,0.10113276151407792,0.00999906768599664,1.8646280067126608e-4,0.00906675368264031,0.05281558829013612,8.826537152713033,8826.537152713034,106277,2.2850865987201434,11.573804172151302,0.2823279880663807
60611,0,10185.03,-57.9,-1525.64,-78,0,1487.84,642400.69,242026.66,21531.48,-1822.49,914147.67,2023,ZCTA5 60611,35247,23195,1254,29,8400,0,838,1531,0.6580701903708117,0.03557749595710273,0.2383181547365733,8.227650580191222e-4,0,0.02377507305586291,0.04343632082163021,25.935474508468808,25935.474508468807,126812,3.293444172775868,11.750460953731418,0.3419298096291883
60612,-76.71,1289940.87,3194848.86,2198877.82,632754.62,528.14,259483.5,116063.65,1099446.22,-799621.17,66681.12,8058926.92,2023,ZCTA5 60612,34459,9350,19116,208,1454,13,2087,2231,0.2713369511593488,0.5547462201456804,0.04219507240488696,0.00603615891349139,3.772599320932122e-4,0.06056472909834876,0.06474360834615049,233.8700171217969,233870.0171217969,58858,5.459032242486967,10.982883042277106,0.7286630488406511
60613,0,36573.01,141031.65,133176.21,77827.02,0,16580,74300.79,81555.02,-16963.42,-4979.1,539101.18,2023,ZCTA5 60613,51961,38932,3273,214,4363,7,1661,3511,0.7492542483785917,0.06298954985469872,0.0839668212697985,0.00411847347048748,1.347164219318335e-4,0.03196628240411078,0.06756990820038106,10.375111718404188,10375.111718404189,92238,2.431427786186955,11.432127472140655,0.25074575162140833
60614,1967.46,197188.22,152812.41,235379.38,118931.43,5361.63,83157.12,124514.73,146351.01,6263.01,79973.98,1151900.38,2023,ZCTA5 60614,71701,59085,2664,32,4815,7,1535,3563,0.8240470844200221,0.03715429352449757,0.06715387512029121,4.462978201140849e-4,9.762764814995606e-5,0.02140834855859751,0.04969247290832764,16.06533214320581,16065.332143205813,135364,2.8370490455859505,11.815722725230856,0.17595291557997794
60615,8965.52,789086.37,322915.27,631640.92,534592.35,0,601032.14,744958.08,149233.42,168659.91,-1919.71,3949164.27,2023,ZCTA5 60615,42780,12515,23118,50,3545,0,634,2918,0.2925432445067789,0.5403927068723703,0.08286582515194016,0.00116877045348293,0,0.01482000935016362,0.06820944366526414,92.31333029453016,92313.33029453015,56518,4.535962973258806,10.9423144504682,0.7074567554932212
60616,-5609.73,203531.11,230651.05,178220.92,244681.75,-1.59,32104.43,177319.89,400415.7,314157.18,48353.9,1823824.61,2023,ZCTA5 60616,52707,16764,13206,546,18720,61,1222,2188,0.3180602197051625,0.25055495474984346,0.35517103989982357,0.01035915533041152,0.0011573415295881,0.02318477621568292,0.04151251256948792,34.6030813743905,34603.0813743905,72326,3.5724321895726843,11.188938956226457,0.6819397802948375
60617,16451.67,20384132.97,9674776.18,3333051.35,2388026.36,0,383250.21,516492.23,2365081.52,2254774.17,39416.06,41355452.72,2023,ZCTA5 60617,83188,17654,45463,895,330,20,12604,6222,0.21221810838101648,0.5465091118911382,0.00396691830552483,0.01075876328316584,2.404192912439294e-4,0.15151223734192432,0.07479444150598644,497.1324316007117,497132.43160071166,51203,6.21086596858142,10.843553403061053,0.7877818916189835
60618,-0.72,813931.31,2337055.65,801129.57,270178.76,0,60579.74,43287.03,541175.47,311436.51,173243.71,5352017.03,2023,ZCTA5 60618,92235,56478,2621,338,6553,159,13300,12786,0.6123272076760449,0.02841654469561446,0.07104678267468965,0.0036645525017618,0.00172385753781102,0.1441968883829349,0.1386241665311433,58.02587987206592,58025.87987206592,100976,4.077975989629907,11.52263814382402,0.38767279232395513
60619,3579.23,18023263.09,10141111.72,2874516.28,1788120.01,4672.73,1510093.02,2315734.21,2333749.45,1891737.62,212278.8,41098856.16,2023,ZCTA5 60619,60443,827,56610,174,145,1,1023,1663,0.01368231226113859,0.9365848816240094,0.00239895438677762,0.00287874526413315,1.6544513012259483e-5,0.01692503681154145,0.02751352513938752,679.9605605281008,679960.5605281008,42802,6.523504390416776,10.664340109450086,0.9863176877388614
60620,3516.88,19064475.46,9414445.21,2315039.45,1758475.72,0,1467941.22,1371811.49,2091681.24,2112166.95,396148.88,39995702.5,2023,ZCTA5 60620,68330,1210,64102,196,502,0,1154,1166,0.01770818088687253,0.9381238109176058,0.00734669983901653,0.0028684326064686,0,0.01688862871359578,0.0170642470364408,585.3315161715205,585331.5161715206,46472,6.373885356868831,10.746605259672368,0.9822918191131275
60621,17530.26,9470716.08,22623946.74,5392413.7,3655313.33,0,1370620.21,1406164.41,1680114.52,1683447.86,40549.03,47340816.14,2023,ZCTA5 60621,26997,742,24980,29,167,0,522,557,0.02748453531873912,0.9252879949624032,0.00618587250435233,0.0010741934288995,0,0.01933548172019113,0.02063192206541467,1753.5584005630255,1753558.4005630256,30163,7.469972480626622,10.314371286671152,0.9725154646812609
60622,-77.27,254867.06,727463.59,737307.7,565336.89,-0.24,73843.3,20786.33,486432.37,392923.77,-11467.93,3247415.57,2023,ZCTA5 60622,53944,39242,3341,72,2779,21,2758,5731,0.7274581047011716,0.06193459884324485,0.05151638736467447,0.00133471748479905,3.892925997330565e-4,0.05112709476494142,0.10623980424143556,60.19975474566216,60199.75474566216,119134,4.11414318208643,11.688004188994599,0.27254189529882844
60623,32.64,3794617.69,10385900.76,8565547.02,3187329,0,818284.6,863893.8,2677555.52,1829399.14,122814.93,32245375.1,2023,ZCTA5 60623,76611,19306,20720,919,471,32,21356,13807,0.25200036548276356,0.27045724504314,0.00614794220151153,0.0119956664186605,4.176945869392124e-4,0.27875892495855686,0.1802221613084283,420.897457284202,420897.457284202,37814,6.044762292291089,10.540434683407874,0.7479996345172364
60624,3296.78,2519610.33,9821193.53,5574161.85,2269990.42,0,791674.98,1497257.28,704556.67,956281.26,161565.65,24299588.75,2023,ZCTA5 60624,35664,1950,30775,9,235,0,2076,619,0.05467698519515478,0.8629149842978915,0.00658927770300583,2.5235531628532975e-4,0,0.05820995962314939,0.01735643786451323,681.3478227344101,681347.8227344101,31768,6.525539531845017,10.366214772811087,0.9453230148048453
60625,-116.92,613514.75,1125186.75,393051.41,150000.1,0,31320.31,114510.55,266750.72,217498.24,10518.59,2922234.5,2023,ZCTA5 60625,80296,43243,3571,827,11648,1,8834,12172,0.538544883929461,0.04447295008468666,0.14506326591611038,0.01029939224867988,1.2453920494171563e-5,0.1100179336455116,0.1515891202550563,36.3932761283252,36393.2761283252,83527,3.621490905592544,11.33292521186495,0.461455116070539
60626,1516.46,386370,344974.06,99076.71,56077.77,0,79645.25,510574.99,198670.76,161143.98,16156.93,1854206.91,2023,ZCTA5 60626,50135,25725,12057,418,3157,0,4167,4611,0.5131145906053655,0.24049067517702205,0.06296998105116186,0.0083374887802932,0,0.08311558791263589,0.09197167647352147,36.98428064226588,36984.28064226588,56145,3.637172406833669,10.935692909006638,0.48688540939463454
60628,3161.96,36411811.92,17442460.81,2529948.27,1896648.91,0,922801.88,662900.37,2355374.48,2417627.73,35900.19,64678636.52,2023,ZCTA5 60628,61419,2458,56319,56,60,0,1157,1369,0.0400201891922695,0.9169638059883748,9.768964001367654e-4,9.117699734609812e-4,0,0.01883781891597063,0.0222895195297872,1053.0721197023722,1053072.1197023722,48601,6.960416151525499,10.791399385808587,0.9599798108077305
60629,741.24,11612596.62,6385015.26,1278193.88,1205509.5,0,1285685.55,217176.44,1120992.42,585688.56,-6,23691593.47,2023,ZCTA5 60629,108997,35471,18584,2514,924,208,32331,18965,0.3254309751644541,0.17050010550749103,0.00847729754029927,0.02306485499600906,0.00190830940301109,0.29662284283053664,0.17399561455819884,217.36005091883263,217360.05091883265,53318,5.386145310101076,10.884029264211806,0.6745690248355459
60630,745.6,1750648.51,1218555.06,220157.96,93281.58,0,46098.68,-731.69,82467.86,265214.83,24577.69,3701016.08,2023,ZCTA5 60630,55295,35013,1209,237,7188,44,5853,5751,0.6332037254724658,0.02186454471471199,0.1299936703137716,0.00428610181752418,7.957319830002713e-4,0.10585043855683154,0.10400578714169456,66.93220146487025,66932.20146487025,91135,4.21851017052249,11.420097202659035,0.36679627452753416
60631,8.67,1024053.58,86881.17,13193.76,2897.04,0,28665.27,-2873.93,2062.97,-87972.28,-9839.06,1057077.19,2023,ZCTA5 60631,30418,24585,406,26,1303,0,1529,2569,0.8082385429679795,0.01334736011572095,0.04283647840094681,8.547570517456769e-4,0,0.05026628969689,0.08445657176671707,34.75169932276941,34751.69932276941,112974,3.576597801514375,11.634912982724483,0.19176145703202052
60632,11475.03,3256413.14,4287308.87,1013842.67,306148.25,0,40130.34,33247.23,821528.2,399942.8,156993.17,10327029.7,2023,ZCTA5 60632,86372,33023,1310,1350,6011,128,27783,16767,0.3823345528643542,0.01516695225304496,0.06959431297179641,0.01563006529893947,0.0014819617468624,0.3216667438521743,0.19412541101282824,119.56455448524984,119564.55448524984,53966,4.792185331352272,10.896109497616806,0.6176654471356458
60633,1581.05,1099233.84,293997.3,20400.28,16993.22,0,19773.01,0,145538.72,95753.49,-242079.66,1451191.25,2023,ZCTA5 60633,12440,5143,3879,15,68,0,2414,921,0.4134244372990354,0.3118167202572347,0.00546623794212218,0.00120578778135048,0,0.19405144694533763,0.07403536977491962,116.65524517684888,116655.24517684888,54956,4.767758697068228,10.914288144043839,0.5865755627009646
60634,707.27,4074159.55,1064478.87,186329.39,35213.1,0,62453.84,146.58,256194.52,268513.47,69.52,5948266.11,2023,ZCTA5 60634,75873,45878,2308,1072,4441,27,13623,8524,0.6046683273364701,0.03041925322578519,0.05853202061339343,0.01412887324871825,3.558578150330157e-4,0.17955003756276935,0.1123456301978306,78.39766596813097,78397.66596813097,82771,4.374468971953655,11.323833037478561,0.39533167266352987
60636,107748.33,17807305.84,17599852.02,3713275.02,1692513.03,135.1,624591.3,383607.69,1998132.24,935070.59,100602.33,44962833.49,2023,ZCTA5 60636,29833,1346,23494,279,84,65,2879,1686,0.0451178225455033,0.7875171789628934,0.00281567391814433,0.00935205979955083,0.00217879529380216,0.09650387155163744,0.05651459792846847,1507.150923138806,1507150.923138806,30451,7.3186396252170995,10.323874113321294,0.9548821774544967
60637,-9.04,3293160.59,5740808.55,3467225.72,2491307.09,0,876108.85,1598923.86,977135.39,1032741.97,21941.58,19499344.56,2023,ZCTA5 60637,51145,8215,37004,232,2628,0,1332,1734,0.16062176165803108,0.7235115847101379,0.05138332192785219,0.00453612278815133,0,0.02604360152507576,0.03390360739075179,381.25612591651185,381256.12591651187,37247,5.946090870623235,10.525326683651683,0.8393782383419689
60638,189.6,3926341.89,455455.27,119148.9,38826.96,0,66937.95,-14495.91,50302.04,80435.59,5445.26,4728587.55,2023,ZCTA5 60638,57799,34821,1411,1042,468,41,10348,9668,0.6024498693749026,0.02441218706205989,0.00809702590010207,0.01802799356390249,7.093548331286009e-4,0.1790342393467015,0.16726932991920276,81.81088859668851,81810.88859668851,85374,4.416559557536141,11.354796883773746,0.39755013062509736
60639,37068.71,3487077.14,5028134.79,1171614.26,329627.75,0,143648.1,19579.54,1272171.55,765686.82,265133.32,12519741.98,2023,ZCTA5 60639,85248,27485,12212,893,1652,11,28831,14164,0.322412256006006,0.14325262762762764,0.01937875375375375,0.01047531906906906,1.2903528528528528e-4,0.3382014827327327,0.16615052552552553,146.86258891704205,146862.58891704204,54969,4.996283389221185,10.914524668948285,0.677587743993994
60640,388.43,78411.71,203894.2,53633.21,111171.28,0,4917.79,177203.93,57540.01,-62663.35,-6312.05,618185.16,2023,ZCTA5 60640,67317,41036,11998,218,6387,17,2554,5107,0.6095934162247277,0.17823135315002153,0.09487945095592495,0.00323840931711157,2.5253650638026057e-4,0.0379398963114815,0.07586493753435239,9.18319532956014,9183.19532956014,69397,2.320738844932312,11.147598917894847,0.39040658377527226
60641,8099.85,1939720.3,2042242.94,321499.27,175093.75,0,14296.83,217759.4,297556.49,140094.16,258920.14,5415283.13,2023,ZCTA5 60641,68968,35157,2149,595,3697,27,15902,11441,0.5097581487066466,0.03115937826238255,0.05360457023547152,0.00862718942118083,3.914859065073657e-4,0.2305706994548196,0.16588852801299153,78.51877870896648,78518.77870896648,79884,4.375993203942734,11.288330861388705,0.4902418512933534
60642,0,90199.97,61125.2,66841.56,122646.12,0,44801.51,16912.36,212452.55,173216.89,14692.15,802888.31,2023,ZCTA5 60642,21444,14913,2117,18,1540,0,974,1882,0.6954392837157247,0.09872225331094946,0.07181495989554187,8.393956351426973e-4,0,0.04542063047938817,0.08776347696325312,37.44116349561649,37441.16349561649,137853,3.649128851480047,11.833943179000773,0.3045607162842753
60643,12315.22,16918204,2213157.21,645695.85,334303.6,0,263756.49,231615.52,572968.11,500572.82,7096.77,21699685.59,2023,ZCTA5 60643,48270,11188,33996,61,315,23,320,2367,0.2317795732338927,0.7042883778744562,0.00652579241765071,0.00126372488087839,4.7648643049512e-4,0.00662937642428009,0.0490366687383468,449.5480752019888,449548.0752019888,80461,6.110464786564472,11.295527873962465,0.7682204267661072
60644,8251.64,5278195.97,8613276.75,2434220.5,1488474.97,0,743524.02,1614234.63,1545671.22,541648.27,96059.46,22363557.43,2023,ZCTA5 60644,49445,2886,40643,372,432,21,2188,2903,0.05836788350692689,0.8219840226514309,0.00873698048336535,0.00752351097178683,4.2471432905248255e-4,0.04425118818889675,0.0587116998685408,452.2915851956719,452291.58519567194,34177,6.116535594341172,10.439308182191418,0.9416321164930731
60645,0,818207.46,364218.79,322796.55,229417.47,532.98,91723.19,554480.04,92282.52,34904.74,16026.67,2524590.41,2023,ZCTA5 60645,48692,23234,6892,137,6903,2,5744,5780,0.4771625729072538,0.14154275856403517,0.14176866836441304,0.00281360387743366,4.1074509159615545e-5,0.11796599030641584,0.11870533147128892,51.84815595991128,51848.15595991128,73726,3.9674228197474566,11.208110797511461,0.5228374270927463
60646,14225.29,1047967.12,240519.46,29963.69,5597.71,0,7963.51,9199.94,36582.35,127160.96,-26556.6,1492623.43,2023,ZCTA5 60646,28770,22446,190,13,3503,0,992,1626,0.7801876955161626,0.00660410149461244,0.12175877650330204,4.518595759471672e-4,0,0.03448036148766076,0.05651720542231491,51.88124539450816,51881.245394508165,112283,3.968048746599464,11.628777749035867,0.21981230448383737
60647,1085.52,790755.89,2420600.79,799136.67,512710.79,1.32,155353.07,72607.77,671893.53,2227694.93,208403.58,7860243.86,2023,ZCTA5 60647,85685,53954,5499,571,3924,78,7202,14457,0.6296784734784384,0.0641769271167649,0.04579564684600572,0.00666394351403396,9.103110229328352e-4,0.08405205111746514,0.16872264690435898,91.73418754741203,91734.18754741205,97550,4.529737202289361,11.488120346051257,0.3703215265215616
60649,6010.41,6272042.12,2574773.99,2053666.49,1279852.31,2341.85,1282360.41,4075687.3,927827.81,1175788.26,65.44,19650416.39,2023,ZCTA5 60649,50143,1983,46471,0,240,27,581,841,0.03954689587778952,0.9267694394033066,0.00478631115011068,0,5.384600043874519e-4,0.01158686157589294,0.01677203198851285,391.8875294657281,391887.529465728,39862,5.973523386345066,10.593178768122684,0.9604531041222105
60651,33674.42,4916295.95,8664061.62,2492897.04,1295583.24,0,963788.95,257493.02,1575033.94,1198544.19,53137.38,21450509.75,2023,ZCTA5 60651,65229,11569,35502,756,744,0,9871,6787,0.17735976329546674,0.5442671204525594,0.01140596973738674,0.01158993699121556,0,0.15132839687868893,0.10404881264468258,328.84928099464963,328849.2809946496,48532,5.798635825871596,10.789978653171763,0.8226402367045332
60652,0,8373838.62,172900.67,86845.02,4475.14,0,158788.06,27537.18,94856.31,4467590.18,30532.79,13417363.97,2023,ZCTA5 60652,42223,11203,17581,695,436,0,7799,4509,0.2653293228808943,0.41638443502356537,0.01032612557137105,0.0164602231011534,0,0.18470975534661205,0.10679013807640386,317.773819245435,317773.819245435,76300,5.764481820725211,11.242428217272549,0.7346706771191057
60653,0,1188502.72,568488.03,1055206.28,545339.67,0,353180.71,871132.46,714129.22,476618.38,1185.6,5773783.07,2023,ZCTA5 60653,34364,2359,29282,278,473,7,510,1455,0.06864742172040507,0.852112676056338,0.01376440460947503,0.00808986148294727,2.037015481317658e-4,0.01484111279245722,0.0423408217902456,168.01836427656852,168018.36427656852,35136,5.130007373377923,10.466981524869203,0.931352578279595
60654,0,1199.07,3829.14,-41.37,0,0,0,452.89,13064.49,123919.29,-38402.8,104020.71,2023,ZCTA5 60654,23475,17023,964,34,2282,0,910,2262,0.7251544195953141,0.04106496272630458,0.097209797657082,0.00144834930777422,0,0.03876464323748668,0.09635782747603834,4.431127156549521,4431.127156549521,138279,1.6921466918792558,11.837028662305622,0.2748455804046859
60655,0,2185709.52,81042.67,38898.11,7918.81,0,3530.85,24947.11,23501.13,87839.99,0,2453388.19,2023,ZCTA5 60655,28000,24043,1390,25,274,0,644,1624,0.8586785714285714,0.04964285714285714,0.00978571428571428,8.928571428571428e-4,0,0.023,0.058,87.62100678571429,87621.00678571429,115324,4.48436892641223,11.655500837241668,0.1413214285714286
60656,0,888526.31,51473.29,12010.77,2489.35,0,11124.4,361663.49,416.93,48859.13,0,1376563.67,2023,ZCTA5 60656,29180,21539,1191,130,3346,0,827,2147,0.7381425633995887,0.04081562714187799,0.11466758053461276,0.00445510623714873,0,0.02834132967786155,0.07357779300891021,47.17490301576422,47174.90301576422,82992,3.874838201133157,11.32649949659118,0.2618574366004113
60657,0,98230.16,181467.13,128522.69,148211.08,0,3791.95,51802.9,177177.42,124634.99,6496.58,920334.9,2023,ZCTA5 60657,71192,57548,2720,68,4711,88,1529,4528,0.8083492527250253,0.03820654006068098,0.0661731655242162,9.551635015170244e-4,0.00123609394313967,0.02147713226205191,0.06360265198336892,12.927504494887064,12927.504494887064,105428,2.6338656256474478,11.565783534458408,0.19165074727497466
60659,102.07,654265.87,534957.08,380407.38,103436.28,0,165120.13,164804.52,99795.28,176339.46,11426.7,2290654.77,2023,ZCTA5 60659,42621,19216,3609,794,11547,15,2625,4815,0.4508575584805613,0.08467656788906877,0.270922784542831,0.01862931418784167,3.5193918490884773e-4,0.06158935735904836,0.11297247835574012,53.74474484409094,53744.744844090936,64202,4.002681379506981,11.069789641840794,0.5491424415194387
60660,0,185867.97,196407.61,55135.04,157282.05,0,106049.81,268176.23,63572.52,127034.69,-389.78,1159136.14,2023,ZCTA5 60660,42895,23107,6252,95,6525,108,1975,4833,0.5386874927147686,0.1457512530597972,0.15211563119244667,0.00221471033920037,0.00251777596456463,0.04604266231495512,0.1126704744142674,27.022639934724324,27022.639934724324,63596,3.333012752556612,11.0603058542686,0.46131250728523143
60661,0,0,0,126.5,0,0,127.16,2736.42,284.07,1232.82,20615.17,25122.14,2023,ZCTA5 60661,11513,7199,467,0,2896,0,193,758,0.6252931468774429,0.04056284200469035,0.25154173542951447,0,0,0.01676365847303048,0.0658386172153218,2.18206722835056,2182.06722835056,139748,1.157531057395287,11.847596079644813,0.37470685312255714
60706,0,0,0,0,0,0,0,0,0,0,0,0,2023,ZCTA5 60706,24233,19410,206,76,2042,0,1517,982,0.8009738785953039,0.00850080468782239,0.0842652581190938,0.00313621920521602,0,0.06260058597779887,0.04052325341476499,0,0,81678,0,11.310539966740528,0.1990261214046961
60707,0,1322905.7,310050.27,94370.16,47297.95,0,5707.42,1885.04,22305.14,102788.56,-3954.31,1903355.93,2023,ZCTA5 60707,40845,25213,2909,198,1395,0,6748,4382,0.6172848573876851,0.0712204676214959,0.03415350716121924,0.00484759456481821,0,0.16520994001713796,0.10728363324764352,46.59948414738646,46599.484147386465,76343,3.862821923938871,11.242991623404993,0.3827151426123149
60712,0,0,0,0,0,0,0,0,0,0,0,0,2023,ZCTA5 60712,13268,8924,466,7,3046,0,155,670,0.6725957190232138,0.03512209828157974,0.22957491709375943,5.275851673198674e-4,0,0.0116822429906542,0.05049743744347301,0,0,99390,0,11.506806783962052,0.3274042809767862
60714,0,0,0,0,0,0,0,0,0,0,0,0,2023,ZCTA5 60714,30857,20476,641,198,6627,20,888,2007,0.6635771461904916,0.02077324432057556,0.21476488317075543,0.00641669637359432,6.481511488479113e-4,0.02877791100884726,0.06504196778688791,0,0,76052,0,11.239172595829476,0.3364228538095084
60803,0,0,0,0,0,0,0,0,0,0,0,0,2023,ZCTA5 60803,22198,13740,4606,195,356,0,1575,1726,0.6189746824038201,0.20749617082620056,0.016037480854131,0.00878457518695378,0,0.07095233804847284,0.07775475268042166,0,0,62992,0,11.050763013183518,0.38102531759617986
60804,0,0,0,0,0,0,0,0,0,0,183.27,183.27,2023,ZCTA5 60804,84189,20624,3045,1008,463,7,47596,11446,0.2449726211262754,0.03616862060364181,0.00549953081756524,0.01197306061361935,8.314625426124553e-5,0.5653470168311775,0.13595600375345948,0.00217688771692263,2.176887716922639,64325,0.0021745217298931156,11.071703637149945,0.7550273788737246
60805,0,0,0,0,0,0,0,0,0,0,0,0,2023,ZCTA5 60805,19730,12317,4551,33,468,0,664,1697,0.6242777496198683,0.2306639635073492,0.02372022301064369,0.00167257982767359,0,0.03365433350228079,0.08601115053218449,0,0,92266,0,11.432430988597913,0.37572225038013174
60827,0,2268392.19,476971.21,0,3771.5,0,19628.22,31226.3,18278.8,96872.79,-116.78,2915024.23,2023,ZCTA5 60827,25538,939,22894,25,15,0,697,968,0.03676873678439971,0.8964680084579841,5.87360012530347e-4,9.78933354217245e-4,0,0.02729266191557678,0.03790429947529172,114.14457788393766,114144.57788393766,35835,4.746188537741093,10.48668034842802,0.9632312632156003
60053,0,0,0,0,0,0,0,0,0,467.76,0,467.76,2024,ZCTA5 60053,24910,14091,387,155,8397,0,538,1342,0.5656764351665997,0.01553592934564431,0.3370935367322361,0.00622240064231232,0,0.02159775190686471,0.05387394620634284,0.0187780008028904,18.778000802890407,102940,0.01860387064590728,11.541901573206745,0.4343235648334003
60601,0,0,0,0,0,0,0,21395.7,0.03,129036.54,104,150536.27,2024,ZCTA5 60601,16398,9364,1076,6,4423,0,503,1026,0.571045249420661,0.06561775826320283,0.26972801561165993,3.658982802780826e-4,0,0.03067447249664593,0.06256860592755215,9.180160385412854,9180.160385412855,121294,2.3204407659504156,11.705972629570251,0.42895475057933896
60602,0,0,0,0,0,0,0,0,0,1246209.94,0,1246209.94,2024,ZCTA5 60602,938,433,32,247,226,0,0,0,0.4616204690831556,0.03411513859275053,0.24093816631130063,0.26332622601279315,0,0,0,1328.582025586354,1328582.0255863538,167617,7.192619905347316,12.029436893867151,0.5383795309168444
60603,0,0,0,0,0,0,0,36152.82,0,142182.59,95826.13,274161.54,2024,ZCTA5 60603,1110,594,70,0,391,0,20,35,0.5351351351351351,0.06306306306306306,0.35225225225225226,0,0,0.01801801801801801,0.03153153153153153,246.99237837837836,246992.37837837837,124888,5.513398013347485,11.735172614636502,0.4648648648648649
60604,0,0,0,0,0,0,0,0,1180.78,332159.88,0,333340.66,2024,ZCTA5 60604,737,546,22,0,136,0,3,30,0.7408412483039348,0.02985074626865671,0.18453188602442333,0,0,0.00407055630936227,0.0407055630936228,452.2939755766621,452293.9755766621,76667,6.1165408677121444,11.247226647053857,0.25915875169606517
60605,0,17936.25,0,0,933.4,0,0,18767.48,3987.02,84385.7,731.31,126741.16,2024,ZCTA5 60605,34314,20359,5210,73,5434,0,795,2443,0.5933146820539721,0.15183307104971733,0.1583610188261351,0.00212741155213615,0,0.02316838608148277,0.0711954304365565,3.693569971440229,3693.569971440229,116462,1.5461934808419238,11.665320318522031,0.4066853179460279
60606,0,0,0,0,0,0,0,0,13806.92,390273.62,1767.08,405847.62,2024,ZCTA5 60606,3513,2103,69,60,1169,0,21,91,0.5986336464560205,0.01964133219470538,0.3327640193566752,0.0170794192997438,0,0.00597779675491033,0.02590378593794477,115.52736122971818,115527.36122971818,133333,4.758126105771312,11.800605037418885,0.40136635354397954
60607,0,61559.16,110639.56,31046.08,25103.85,10486.44,28680.55,51899.27,131767.75,479663.16,289628.75,1220474.57,2024,ZCTA5 60607,28797,16000,3350,73,6577,88,989,1720,0.5556134319547175,0.11633156231551896,0.2283918463728861,0.00253498628329339,0.00305587387575094,0.03434385526270098,0.05972844393513213,42.382004028197386,42382.004028197385,119500,3.770044701385559,11.691071650353702,0.44438656804528254
60608,4484.52,1126569.14,1943473.14,1128512.32,1265072.22,5652.98,199294.14,28858.54,1811805.32,770321.44,269926.42,8553970.18,2024,ZCTA5 60608,82749,27555,14143,754,11715,0,18602,9980,0.3329949606641772,0.17091445213839443,0.14157270782728493,0.00911189259084701,0,0.22480029970150697,0.12060568707778946,103.37249006030284,103372.49006030284,66821,4.647966135555438,11.109772681377931,0.6670050393358228
60609,3834.86,6422913.05,11439820.34,5047942.39,3608664.38,0,201459.59,112488.67,3431625.23,1994831.86,312765.19,32576345.56,2024,ZCTA5 60609,63241,19833,14332,775,3751,54,17304,7192,0.3136098417166079,0.22662513242991095,0.05931278759032905,0.01225470817982005,8.53876440916494e-4,0.2736199617336854,0.11372369190873008,515.1143334229376,515114.33342293766,47209,6.24632831733818,10.762339831363015,0.6863901582833921
60610,92241.04,72625.5,4649.68,74061.88,5815,0,19618.2,39368.54,307891.51,153604.86,29370.03,799246.24,2024,ZCTA5 60610,42904,30791,4682,429,4339,8,389,2266,0.7176720119336193,0.10912735409285848,0.10113276151407792,0.00999906768599664,1.8646280067126608e-4,0.00906675368264031,0.05281558829013612,18.628711542047363,18628.711542047364,106277,2.9769933689485906,11.573804172151302,0.2823279880663807
60611,0,14326.78,187.9,0,0,0,2918.55,904498.48,16828.86,113626.93,0,1052387.5,2024,ZCTA5 60611,35247,23195,1254,29,8400,0,838,1531,0.6580701903708117,0.03557749595710273,0.2383181547365733,8.227650580191222e-4,0,0.02377507305586291,0.04343632082163021,29.85750560331376,29857.50560331376,126812,3.4293800142227004,11.750460953731418,0.3419298096291883
60612,160,1386722.98,3357557.66,2415456.94,1028302.04,185.83,418161.01,110508.44,731336.52,1397933.44,169928.51,11016253.37,2024,ZCTA5 60612,34459,9350,19116,208,1454,13,2087,2231,0.2713369511593488,0.5547462201456804,0.04219507240488696,0.00603615891349139,3.772599320932122e-4,0.06056472909834876,0.06474360834615049,319.69161525290923,319691.61525290925,58858,5.770479961215159,10.982883042277106,0.7286630488406511
60613,0,142582.84,239186.54,200629.17,70249.56,0,28420.56,59173.06,46558.53,189846.78,442.37,977089.41,2024,ZCTA5 60613,51961,38932,3273,214,4363,7,1661,3511,0.7492542483785917,0.06298954985469872,0.0839668212697985,0.00411847347048748,1.347164219318335e-4,0.03196628240411078,0.06756990820038106,18.804284174669466,18804.284174669465,92238,2.985898286753399,11.432127472140655,0.25074575162140833
60614,11.92,576370.08,183436.08,254919.42,122230.89,477.84,64132.54,22015.37,166057.2,126282.69,123904.2,1639838.23,2024,ZCTA5 60614,71701,59085,2664,32,4815,7,1535,3563,0.8240470844200221,0.03715429352449757,0.06715387512029121,4.462978201140849e-4,9.762764814995606e-5,0.02140834855859751,0.04969247290832764,22.870507105898103,22870.5071058981,135364,3.172643684611802,11.815722725230856,0.17595291557997794
60615,11324.74,1240933.63,392122.85,736297.69,590423.42,0,617765.97,1153802.05,160656.43,177768.39,3093.5,5084188.67,2024,ZCTA5 60615,42780,12515,23118,50,3545,0,634,2918,0.2925432445067789,0.5403927068723703,0.08286582515194016,0.00116877045348293,0,0.01482000935016362,0.06820944366526414,118.8449899485741,118844.98994857408,56518,4.786199157324735,10.9423144504682,0.7074567554932212
60616,0,254949.93,302929.19,207098.38,263103.83,0,38778.03,710596.06,204084.61,1284407.76,82753.92,3348701.71,2024,ZCTA5 60616,52707,16764,13206,546,18720,61,1222,2188,0.3180602197051625,0.25055495474984346,0.35517103989982357,0.01035915533041152,0.0011573415295881,0.02318477621568292,0.04151251256948792,63.53428785550307,63534.28785550307,72326,4.167196677214303,11.188938956226457,0.6819397802948375
60617,10643.05,23248539.25,10583981.25,3354245.27,2462404.68,0,286846.97,249028.55,3770598.87,1208156.19,155534.92,45329979,2024,ZCTA5 60617,83188,17654,45463,895,330,20,12604,6222,0.21221810838101648,0.5465091118911382,0.00396691830552483,0.01075876328316584,2.404192912439294e-4,0.15151223734192432,0.07479444150598644,544.9100711641103,544910.0711641102,51203,6.302454257351939,10.843553403061053,0.7877818916189835
60618,611.28,1378664.63,2368534.05,1124858.15,259421.57,0,47786.94,48588.86,596949.97,18974274.15,178536.35,24978225.95,2024,ZCTA5 60618,92235,56478,2621,338,6553,159,13300,12786,0.6123272076760449,0.02841654469561446,0.07104678267468965,0.0036645525017618,0.00172385753781102,0.1441968883829349,0.1386241665311433,270.81071122675775,270810.71122675773,100976,5.605105909427516,11.52263814382402,0.38767279232395513
60619,2749.1,20476074.06,11417868,3379802.9,1899783.15,19225.18,1741618.27,3069670.5,2324352.8,2455187.79,337465.26,47123797.01,2024,ZCTA5 60619,60443,827,56610,174,145,1,1023,1663,0.01368231226113859,0.9365848816240094,0.00239895438677762,0.00287874526413315,1.6544513012259483e-5,0.01692503681154145,0.02751352513938752,779.6402728190195,779640.2728190195,42802,6.660114445548686,10.664340109450086,0.9863176877388614
60620,4624.05,21696947.95,10115771.48,2335479.68,2076305.39,0,1431493.69,1506129.92,2135908.31,3054764.79,503945.54,44861370.8,2024,ZCTA5 60620,68330,1210,64102,196,502,0,1154,1166,0.01770818088687253,0.9381238109176058,0.00734669983901653,0.0028684326064686,0,0.01688862871359578,0.0170642470364408,656.5398917020342,656539.8917020342,46472,6.4885054340016275,10.746605259672368,0.9822918191131275
60621,25054.3,10399162.19,24885221.55,5617395.55,4172369.59,0,1180599.99,1770724.95,1559067.87,1575195.22,13750.97,51198542.18,2024,ZCTA5 60621,26997,742,24980,29,167,0,522,557,0.02748453531873912,0.9252879949624032,0.00618587250435233,0.0010741934288995,0,0.01933548172019113,0.02063192206541467,1896.4530199651813,1896453.0199651816,30163,7.5482677500516475,10.314371286671152,0.9725154646812609
60622,10684.27,351277.31,771504.49,1141770.22,570041.07,0,118672.65,54588.55,627642.93,376823.07,72893.09,4095897.65,2024,ZCTA5 60622,53944,39242,3341,72,2779,21,2758,5731,0.7274581047011716,0.06193459884324485,0.05151638736467447,0.00133471748479905,3.892925997330565e-4,0.05112709476494142,0.10623980424143556,75.92869735281032,75928.69735281031,119134,4.3428789844379745,11.688004188994599,0.27254189529882844
60623,1388.86,4429535.84,11432578.67,8964461.81,3422335,0,1599447.36,998069.12,2423392.62,1300959.93,964698.6,35536867.81,2024,ZCTA5 60623,76611,19306,20720,919,471,32,21356,13807,0.25200036548276356,0.27045724504314,0.00614794220151153,0.0119956664186605,4.176945869392124e-4,0.27875892495855686,0.1802221613084283,463.8611662816045,463861.1662816045,37814,6.141738793870981,10.540434683407874,0.7479996345172364
60624,3365.91,3047253.28,10491186.93,6021770.39,2168328.39,0,816071.92,1275672.63,805704.46,1201805.9,319366.4,26150526.21,2024,ZCTA5 60624,35664,1950,30775,9,235,0,2076,619,0.05467698519515478,0.8629149842978915,0.00658927770300583,2.5235531628532975e-4,0,0.05820995962314939,0.01735643786451323,733.2471458613728,733247.1458613728,31768,6.5988456829228905,10.366214772811087,0.9453230148048453
60625,0,730044.81,1162047.5,419528.89,184197.31,0,67709.87,370086.99,257208.74,384756.77,16096.8,3591677.68,2024,ZCTA5 60625,80296,43243,3571,827,11648,1,8834,12172,0.538544883929461,0.04447295008468666,0.14506326591611038,0.01029939224867988,1.2453920494171563e-5,0.1100179336455116,0.1515891202550563,44.730468267410586,44730.468267410586,83527,3.8227647774472024,11.33292521186495,0.461455116070539
60626,0,592015.92,298192.33,101103.05,22194.61,0,146084.52,699640.46,208936.77,144119.78,19551.8,2231839.24,2024,ZCTA5 60626,50135,25725,12057,418,3157,0,4167,4611,0.5131145906053655,0.24049067517702205,0.06296998105116186,0.0083374887802932,0,0.08311558791263589,0.09197167647352147,44.516590006981154,44516.590006981154,56145,3.81807687503886,10.935692909006638,0.48688540939463454
60628,3293.05,41276564.6,19316191.83,2535548.22,2027984.48,0,920888.7,1015525.41,2494746.33,2629296.37,96858.62,72316897.61,2024,ZCTA5 60628,61419,2458,56319,56,60,0,1157,1369,0.0400201891922695,0.9169638059883748,9.768964001367654e-4,9.117699734609812e-4,0,0.01883781891597063,0.0222895195297872,1177.4352824044677,1177435.2824044677,48601,7.071942805640854,10.791399385808587,0.9599798108077305
60629,29435.42,12748615.29,7197076.06,1314868.18,1064116.29,0,1273648.27,383082.58,1099583.83,1151184.92,17500.47,26279111.31,2024,ZCTA5 60629,108997,35471,18584,2514,924,208,32331,18965,0.3254309751644541,0.17050010550749103,0.00847729754029927,0.02306485499600906,0.00190830940301109,0.29662284283053664,0.17399561455819884,241.09940007523144,241099.40007523145,53318,5.489348385936942,10.884029264211806,0.6745690248355459
60630,0,2079778.93,1331419.94,231507.44,88541.8,0,66238.88,1598.96,127798.84,174304.88,2574.2,4103763.87,2024,ZCTA5 60630,55295,35013,1209,237,7188,44,5853,5751,0.6332037254724658,0.02186454471471199,0.1299936703137716,0.00428610181752418,7.957319830002713e-4,0.10585043855683154,0.10400578714169456,74.21582186454472,74215.82186454472,91135,4.320361605960324,11.420097202659035,0.36679627452753416
60631,2584.73,1298172.83,64203.29,36380.71,5188.93,0,46288.88,5378.4,18853.87,60444.32,216,1537711.96,2024,ZCTA5 60631,30418,24585,406,26,1303,0,1529,2569,0.8082385429679795,0.01334736011572095,0.04283647840094681,8.547570517456769e-4,0,0.05026628969689,0.08445657176671707,50.552697744756394,50552.69774475639,112974,3.94260454167866,11.634912982724483,0.19176145703202052
60632,14332.33,3520439.66,4726840.07,1124999.86,328900,0,61909.67,9591.22,550730.98,1336827.87,190149.88,11864721.54,2024,ZCTA5 60632,86372,33023,1310,1350,6011,128,27783,16767,0.3823345528643542,0.01516695225304496,0.06959431297179641,0.01563006529893947,0.0014819617468624,0.3216667438521743,0.19412541101282824,137.3676832769879,137367.6832769879,53966,4.9299145135837525,10.896109497616806,0.6176654471356458
60633,0,1310537.67,381264.32,29411.13,14035.23,0,20070.31,0,121776.63,135284.23,1815.5,2014195.02,2024,ZCTA5 60633,12440,5143,3879,15,68,0,2414,921,0.4134244372990354,0.3118167202572347,0.00546623794212218,0.00120578778135048,0,0.19405144694533763,0.07403536977491962,161.91278295819936,161912.78295819936,54956,5.093214983727573,10.914288144043839,0.5865755627009646
60634,1464.25,4655513.44,1116530.6,210791.03,57550.8,0,88528.73,0.42,291974.12,344279.77,0,6766633.16,2024,ZCTA5 60634,75873,45878,2308,1072,4441,27,13623,8524,0.6046683273364701,0.03041925322578519,0.05853202061339343,0.01412887324871825,3.558578150330157e-4,0.17955003756276935,0.1123456301978306,89.1836774610204,89183.6774610204,82771,4.5018484512812575,11.323833037478561,0.39533167266352987
60636,425131.72,19894073.05,18727478.64,3743794.99,1831242.25,0,592450.94,383517.19,1909809.03,1572569.2,44658.95,49124725.96,2024,ZCTA5 60636,29833,1346,23494,279,84,65,2879,1686,0.0451178225455033,0.7875171789628934,0.00281567391814433,0.00935205979955083,0.00217879529380216,0.09650387155163744,0.05651459792846847,1646.657257399524,1646657.257399524,30451,7.407109713960713,10.323874113321294,0.9548821774544967
60637,0,3668393.2,6403663.69,3871143.16,2541997.3,47.78,1419130.66,1718660.13,808113.66,5098653.79,4407.16,25534210.53,2024,ZCTA5 60637,51145,8215,37004,232,2628,0,1332,1734,0.16062176165803108,0.7235115847101379,0.05138332192785219,0.00453612278815133,0,0.02604360152507576,0.03390360739075179,499.2513545801154,499251.3545801154,37247,6.215110681266505,10.525326683651683,0.8393782383419689
60638,222.24,4719414.06,442517.35,232188.51,35696.48,0,76743.91,0,48425.64,181996.95,29262.3,5766467.44,2024,ZCTA5 60638,57799,34821,1411,1042,468,41,10348,9668,0.6024498693749026,0.02441218706205989,0.00809702590010207,0.01802799356390249,7.093548331286009e-4,0.1790342393467015,0.16726932991920276,99.76759874738318,99767.59874738318,85374,4.612816862965854,11.354796883773746,0.39755013062509736
60639,271.19,3837722.14,5507057.04,1330755.82,378487.27,0,157451.99,22451.09,1370994.83,778623.62,194560.15,13578375.14,2024,ZCTA5 60639,85248,27485,12212,893,1652,11,28831,14164,0.322412256006006,0.14325262762762764,0.01937875375375375,0.01047531906906906,1.2903528528528528e-4,0.3382014827327327,0.16615052552552553,159.28086453641143,159280.86453641142,54969,5.07692767966662,10.914524668948285,0.677587743993994
60640,420.54,268581.37,225756.55,65344.82,170612.41,0,53010.93,383850.47,114558.81,869007.81,3923.07,2155066.78,2024,ZCTA5 60640,67317,41036,11998,218,6387,17,2554,5107,0.6095934162247277,0.17823135315002153,0.09487945095592495,0.00323840931711157,2.5253650638026057e-4,0.0379398963114815,0.07586493753435239,32.01370797866809,32013.707978668088,69397,3.4969228685075433,11.147598917894847,0.39040658377527226
60641,6296.13,2452791.87,2053931.27,322382.3,211694.74,0,103631.14,266421.7,244638.69,340435.57,268762.7,6270986.11,2024,ZCTA5 60641,68968,35157,2149,595,3697,27,15902,11441,0.5097581487066466,0.03115937826238255,0.05360457023547152,0.00862718942118083,3.914859065073657e-4,0.2305706994548196,0.16588852801299153,90.92602525809072,90926.02525809073,79884,4.520984180327105,11.288330861388705,0.4902418512933534
60642,0,116941.44,59837.52,69677.35,115090.93,0,135405.03,25177.34,278350.96,106892.61,65810.63,973183.81,2024,ZCTA5 60642,21444,14913,2117,18,1540,0,974,1882,0.6954392837157247,0.09872225331094946,0.07181495989554187,8.393956351426973e-4,0,0.04542063047938817,0.08776347696325312,45.38256901697445,45382.56901697445,137853,3.8369237209137883,11.833943179000773,0.3045607162842753
60643,13620.11,19066707.21,2551906.45,442987.68,289113.43,0,228747.58,146926.42,578212.05,979710.92,19963.07,24317894.92,2024,ZCTA5 60643,48270,11188,33996,61,315,23,320,2367,0.2317795732338927,0.7042883778744562,0.00652579241765071,0.00126372488087839,4.7648643049512e-4,0.00662937642428009,0.0490366687383468,503.7889977211519,503788.99772115186,80461,6.224140515666883,11.295527873962465,0.7682204267661072
60644,10019.99,6070383.33,9549787.34,2668487.32,1309529.18,0,636970.79,2011205,1526447.06,854840.23,57003.21,24694673.45,2024,ZCTA5 60644,49445,2886,40643,372,432,21,2188,2903,0.05836788350692689,0.8219840226514309,0.00873698048336535,0.00752351097178683,4.2471432905248255e-4,0.04425118818889675,0.0587116998685408,499.43722216604306,499437.22216604307,34177,6.215482160650569,10.439308182191418,0.9416321164930731
60645,0,1084891.25,357067.06,341994.97,312083.7,0,94708.98,636645.46,116674.46,100382.36,18195.72,3062643.96,2024,ZCTA5 60645,48692,23234,6892,137,6903,2,5744,5780,0.4771625729072538,0.14154275856403517,0.14176866836441304,0.00281360387743366,4.1074509159615545e-5,0.11796599030641584,0.11870533147128892,62.89829869383061,62898.29869383061,73726,4.1572927365193575,11.208110797511461,0.5228374270927463
60646,14926.57,1401057.22,239701.64,17740.36,7477.91,0,3999.46,14157.24,17584.41,247084.35,2332.27,1966061.43,2024,ZCTA5 60646,28770,22446,190,13,3503,0,992,1626,0.7801876955161626,0.00660410149461244,0.12175877650330204,4.518595759471672e-4,0,0.03448036148766076,0.05651720542231491,68.33720646506778,68337.20646506778,112283,4.2389816519498975,11.628777749035867,0.21981230448383737
60647,26209.9,1143171.97,2743843.3,848413.51,510950.78,0.6,148017.21,97248.44,1010289.38,457079.5,84509.58,7069734.17,2024,ZCTA5 60647,85685,53954,5499,571,3924,78,7202,14457,0.6296784734784384,0.0641769271167649,0.04579564684600572,0.00666394351403396,9.103110229328352e-4,0.08405205111746514,0.16872264690435898,82.50842236097333,82508.42236097333,97550,4.4249474933686,11.488120346051257,0.3703215265215616
60649,2818.74,7274409.86,2800760.71,2412813.04,1232732.82,0,1243432.49,5011401.45,981301.85,2215574.99,1853.93,23177099.88,2024,ZCTA5 60649,50143,1983,46471,0,240,27,581,841,0.03954689587778952,0.9267694394033066,0.00478631115011068,0,5.384600043874519e-4,0.01158686157589294,0.01677203198851285,462.2200482619707,462220.04826197075,39862,6.138202207407572,10.593178768122684,0.9604531041222105
60651,49770.41,5490435.87,9412775.96,2587274.72,1342275.78,0,961834.71,160506.58,1756585.97,1233419.6,201591.15,23196470.75,2024,ZCTA5 60651,65229,11569,35502,756,744,0,9871,6787,0.17735976329546674,0.5442671204525594,0.01140596973738674,0.01158993699121556,0,0.15132839687868893,0.10404881264468258,355.61591853316776,355615.91853316774,48532,5.876659344177999,10.789978653171763,0.8226402367045332
60652,0,9442172.12,204483.94,77729.64,14997.34,0,147141.32,77376.8,43907.72,287390.36,0,10295199.24,2024,ZCTA5 60652,42223,11203,17581,695,436,0,7799,4509,0.2653293228808943,0.41638443502356537,0.01032612557137105,0.0164602231011534,0,0.18470975534661205,0.10679013807640386,243.8291746204675,243829.1746204675,76300,5.500560720908303,11.242428217272549,0.7346706771191057
60653,0,1410435.14,789455.36,1083705.63,633781.63,0,792071.81,850034.76,712123.68,291340.7,17400.71,6580349.42,2024,ZCTA5 60653,34364,2359,29282,278,473,7,510,1455,0.06864742172040507,0.852112676056338,0.01376440460947503,0.00808986148294727,2.037015481317658e-4,0.01484111279245722,0.0423408217902456,191.48962344313816,191489.62344313817,35136,5.260042248083466,10.466981524869203,0.931352578279595
60654,0,107997.88,38,428.24,0,0,0,13367.54,539398.79,258863.28,9865.93,929959.66,2024,ZCTA5 60654,23475,17023,964,34,2282,0,910,2262,0.7251544195953141,0.04106496272630458,0.097209797657082,0.00144834930777422,0,0.03876464323748668,0.09635782747603834,39.61489499467519,39614.89499467519,138279,3.7041348711167164,11.837028662305622,0.2748455804046859
60655,0,2660560.6,42685.12,47319.79,7561.76,0,6518.88,75030.94,30680.35,55852.85,0,2926210.29,2024,ZCTA5 60655,28000,24043,1390,25,274,0,644,1624,0.8586785714285714,0.04964285714285714,0.00978571428571428,8.928571428571428e-4,0,0.023,0.058,104.50751035714286,104507.51035714286,115324,4.658782138601723,11.655500837241668,0.1413214285714286
60656,120.06,1057219.46,58389.44,4364.12,8272.52,0,90134.17,68821.55,971.37,91409.85,0,1379702.54,2024,ZCTA5 60656,29180,21539,1191,130,3346,0,827,2147,0.7381425633995887,0.04081562714187799,0.11466758053461276,0.00445510623714873,0,0.02834132967786155,0.07357779300891021,47.28247224126114,47282.47224126114,82992,3.8770686012410565,11.32649949659118,0.2618574366004113
60657,0,443622.66,209663.71,183513.31,103291.6,0,44449.19,47127.44,320480.72,190177.64,25365.79,1567692.06,2024,ZCTA5 60657,71192,57548,2720,68,4711,88,1529,4528,0.8083492527250253,0.03820654006068098,0.0661731655242162,9.551635015170244e-4,0.00123609394313967,0.02147713226205191,0.06360265198336892,22.02062113720643,22020.621137206428,105428,3.1363903854321666,11.565783534458408,0.19165074727497466
60659,0,870877.3,569807.28,340271.94,232370.76,0,212781.78,199446.97,119118.81,339927.13,3954.52,2888556.49,2024,ZCTA5 60659,42621,19216,3609,794,11547,15,2625,4815,0.4508575584805613,0.08467656788906877,0.270922784542831,0.01862931418784167,3.5193918490884773e-4,0.06158935735904836,0.11297247835574012,67.77308111025081,67773.08111025082,64202,4.230812405443585,11.069789641840794,0.5491424415194387
60660,0,311792.61,180735.59,130410.21,52269.4,0,154450.82,389757.76,60342.41,138146.5,0,1417905.3,2024,ZCTA5 60660,42895,23107,6252,95,6525,108,1975,4833,0.5386874927147686,0.1457512530597972,0.15211563119244667,0.00221471033920037,0.00251777596456463,0.04604266231495512,0.1126704744142674,33.05525818860007,33055.25818860007,63596,3.5279844461826766,11.0603058542686,0.46131250728523143
60661,0,0,0,0,1155.78,0,24.84,0,9989.75,34725,1522.3,47417.67,2024,ZCTA5 60661,11513,7199,467,0,2896,0,193,758,0.6252931468774429,0.04056284200469035,0.25154173542951447,0,0,0.01676365847303048,0.0658386172153218,4.118619821071832,4118.619821071832,139748,1.6328848365150106,11.847596079644813,0.37470685312255714
60707,0,1625071.41,329777.26,80019.75,22549.08,0,9079.19,7099.6,34266.76,77798.35,1558.1,2187219.5,2024,ZCTA5 60707,40845,25213,2909,198,1395,0,6748,4382,0.6172848573876851,0.0712204676214959,0.03415350716121924,0.00484759456481821,0,0.16520994001713796,0.10728363324764352,53.54925939527482,53549.259395274814,76343,3.9991041355650068,11.242991623404993,0.3827151426123149
60827,0,2654917.59,527059.86,0,4292.6,0,0,0,20003.84,107195.8,0,3313469.69,2024,ZCTA5 60827,25538,939,22894,25,15,0,697,968,0.03676873678439971,0.8964680084579841,5.87360012530347e-4,9.78933354217245e-4,0,0.02729266191557678,0.03790429947529172,129.746639909155,129746.639909155,35835,4.873261404023269,10.48668034842802,0.9632312632156003
